# capture.sh  phase=3  task=compose-up-restore  utc=2026-09-06T12:54:20Z
# host=hewlett-HP-Pavilion-Notebook  cwd=/home/aniruddha/Projects/oro_study
# command: bash -c cd docker && docker compose up restore

 restore Pulling 
 mail Pulling 
 volume-init Pulling 
 db Pulling 
 df20fa9351a1 Pulling fs layer 
 ed8968b2872e Pulling fs layer 
 a92cc7c5fd73 Pulling fs layer 
 f17c8f1adafb Pulling fs layer 
 03954754c53a Pulling fs layer 
 60493946972a Pulling fs layer 
 368ee3bc1dbb Pulling fs layer 
 03954754c53a Waiting 
 60493946972a Waiting 
 368ee3bc1dbb Waiting 
 f17c8f1adafb Waiting 
 fff3d29c5b5b Pulling fs layer 
 8e0629b04947 Pulling fs layer 
 5d49339ba265 Pulling fs layer 
 12ebf13f7179 Pulling fs layer 
 6a9f4aede0a2 Pulling fs layer 
 0684c1d05451 Pulling fs layer 
 165d1667e541 Pulling fs layer 
 4f4fb700ef54 Pulling fs layer 
 fff3d29c5b5b Waiting 
 8e0629b04947 Waiting 
 5d49339ba265 Waiting 
 12ebf13f7179 Waiting 
 6a9f4aede0a2 Waiting 
 0684c1d05451 Waiting 
 165d1667e541 Waiting 
 4f4fb700ef54 Waiting 
 fff3d29c5b5b Pulling fs layer 
 8e0629b04947 Pulling fs layer 
 5d49339ba265 Pulling fs layer 
 12ebf13f7179 Pulling fs layer 
 6a9f4aede0a2 Pulling fs layer 
 0684c1d05451 Pulling fs layer 
 165d1667e541 Pulling fs layer 
 4f4fb700ef54 Pulling fs layer 
 552cc56a2dea Pulling fs layer 
 4ba98b9134b3 Pulling fs layer 
 25a139939c13 Pulling fs layer 
 774b2d361f54 Pulling fs layer 
 ecccfa7c1f25 Pulling fs layer 
 25a139939c13 Waiting 
 774b2d361f54 Waiting 
 ecccfa7c1f25 Waiting 
 4f4fb700ef54 Waiting 
 fff3d29c5b5b Waiting 
 8e0629b04947 Waiting 
 5d49339ba265 Waiting 
 12ebf13f7179 Waiting 
 6a9f4aede0a2 Waiting 
 0684c1d05451 Waiting 
 165d1667e541 Waiting 
 552cc56a2dea Waiting 
 4ba98b9134b3 Waiting 
 a92cc7c5fd73 Download complete 
 df20fa9351a1 Downloading [>                                                  ]   32.2kB/2.798MB
 ed8968b2872e Downloading [>                                                  ]  3.526kB/282.6kB
 1f3e46996e29 Pulling fs layer 
 1ddaf56854cd Pulling fs layer 
 3cf4f77660fd Pulling fs layer 
 f562efc34463 Pulling fs layer 
 d6eaa17dfd6a Pulling fs layer 
 fdcefadb5bb3 Pulling fs layer 
 badd2a25d9ca Pulling fs layer 
 f699f32c0574 Pulling fs layer 
 75de42a401ce Pulling fs layer 
 c48dc11d8978 Pulling fs layer 
 2df66f69416e Pulling fs layer 
 fdcefadb5bb3 Waiting 
 badd2a25d9ca Waiting 
 f699f32c0574 Waiting 
 75de42a401ce Waiting 
 c48dc11d8978 Waiting 
 2df66f69416e Waiting 
 1f3e46996e29 Waiting 
 1ddaf56854cd Waiting 
 3cf4f77660fd Waiting 
 f562efc34463 Waiting 
 d6eaa17dfd6a Waiting 
 ed8968b2872e Downloading [==================================================>]  282.6kB/282.6kB
 ed8968b2872e Verifying Checksum 
 ed8968b2872e Download complete 
 df20fa9351a1 Downloading [=================================>                 ]    1.9MB/2.798MB
 df20fa9351a1 Download complete 
 df20fa9351a1 Extracting [>                                                  ]  32.77kB/2.798MB
 df20fa9351a1 Extracting [============================>                      ]  1.606MB/2.798MB
 df20fa9351a1 Extracting [==================================================>]  2.798MB/2.798MB
 df20fa9351a1 Pull complete 
 ed8968b2872e Extracting [=====>                                             ]  32.77kB/282.6kB
 ed8968b2872e Extracting [==============================================>    ]  262.1kB/282.6kB
 ed8968b2872e Extracting [==================================================>]  282.6kB/282.6kB
 ed8968b2872e Extracting [==================================================>]  282.6kB/282.6kB
 ed8968b2872e Pull complete 
 a92cc7c5fd73 Extracting [==================================================>]     155B/155B
 a92cc7c5fd73 Extracting [==================================================>]     155B/155B
 a92cc7c5fd73 Pull complete 
 f17c8f1adafb Downloading [>                                                  ]  537.9kB/132.5MB
 03954754c53a Downloading [==================================================>]     126B/126B
 03954754c53a Verifying Checksum 
 03954754c53a Download complete 
 f17c8f1adafb Downloading [=>                                                 ]  2.695MB/132.5MB
 f17c8f1adafb Downloading [=>                                                 ]  4.314MB/132.5MB
 f17c8f1adafb Downloading [==>                                                ]  5.928MB/132.5MB
 f17c8f1adafb Downloading [==>                                                ]  6.994MB/132.5MB
 60493946972a Downloading [>                                                  ]  114.1kB/9.946MB
 f17c8f1adafb Downloading [===>                                               ]  8.604MB/132.5MB
 60493946972a Downloading [======>                                            ]  1.376MB/9.946MB
 60493946972a Downloading [=================>                                 ]  3.555MB/9.946MB
 f17c8f1adafb Downloading [===>                                               ]  10.21MB/132.5MB
 60493946972a Downloading [========================>                          ]  4.816MB/9.946MB
 368ee3bc1dbb Downloading [==================================================>]   1.26kB/1.26kB
 368ee3bc1dbb Verifying Checksum 
 368ee3bc1dbb Download complete 
 f17c8f1adafb Downloading [====>                                              ]  11.83MB/132.5MB
 60493946972a Downloading [==============================>                    ]  6.078MB/9.946MB
 f17c8f1adafb Downloading [=====>                                             ]  13.44MB/132.5MB
 60493946972a Downloading [===================================>               ]   7.11MB/9.946MB
 f17c8f1adafb Downloading [=====>                                             ]  14.51MB/132.5MB
 60493946972a Downloading [=========================================>         ]  8.257MB/9.946MB
 60493946972a Downloading [================================================>  ]  9.633MB/9.946MB
 f17c8f1adafb Downloading [======>                                            ]  16.12MB/132.5MB
 60493946972a Verifying Checksum 
 60493946972a Download complete 
 f17c8f1adafb Downloading [======>                                            ]  17.19MB/132.5MB
 f17c8f1adafb Downloading [=======>                                           ]   18.8MB/132.5MB
 f17c8f1adafb Downloading [=======>                                           ]  20.42MB/132.5MB
 f17c8f1adafb Downloading [========>                                          ]  22.02MB/132.5MB
 f17c8f1adafb Downloading [========>                                          ]  23.63MB/132.5MB
 f17c8f1adafb Downloading [=========>                                         ]  25.23MB/132.5MB
 f17c8f1adafb Downloading [==========>                                        ]  26.83MB/132.5MB
 f17c8f1adafb Downloading [==========>                                        ]  28.45MB/132.5MB
 f17c8f1adafb Downloading [===========>                                       ]  30.59MB/132.5MB
 f17c8f1adafb Downloading [===========>                                       ]  31.65MB/132.5MB
 f17c8f1adafb Downloading [============>                                      ]  33.78MB/132.5MB
 f17c8f1adafb Downloading [=============>                                     ]  34.85MB/132.5MB
 8e0629b04947 Downloading [==================================================>]  1.852kB/1.852kB
 8e0629b04947 Downloading [==================================================>]  1.852kB/1.852kB
 8e0629b04947 Verifying Checksum 
 8e0629b04947 Download complete 
 8e0629b04947 Download complete 
 f17c8f1adafb Downloading [=============>                                     ]     37MB/132.5MB
 f17c8f1adafb Downloading [==============>                                    ]  38.61MB/132.5MB
 f17c8f1adafb Downloading [===============>                                   ]  40.75MB/132.5MB
 fff3d29c5b5b Downloading [>                                                  ]  528.8kB/51.38MB
 fff3d29c5b5b Downloading [>                                                  ]  528.8kB/51.38MB
 f17c8f1adafb Downloading [===============>                                   ]  41.82MB/132.5MB
 f17c8f1adafb Downloading [================>                                  ]  43.42MB/132.5MB
 fff3d29c5b5b Downloading [=>                                                 ]  1.056MB/51.38MB
 fff3d29c5b5b Downloading [=>                                                 ]  1.056MB/51.38MB
 f17c8f1adafb Downloading [================>                                  ]  44.49MB/132.5MB
 f17c8f1adafb Downloading [=================>                                 ]  45.56MB/132.5MB
 fff3d29c5b5b Downloading [==>                                                ]  2.098MB/51.38MB
 fff3d29c5b5b Downloading [==>                                                ]  2.098MB/51.38MB
 f17c8f1adafb Downloading [=================>                                 ]  46.63MB/132.5MB
 fff3d29c5b5b Downloading [===>                                               ]  3.142MB/51.38MB
 fff3d29c5b5b Downloading [===>                                               ]  3.142MB/51.38MB
 fff3d29c5b5b Downloading [===>                                               ]  3.659MB/51.38MB
 fff3d29c5b5b Downloading [===>                                               ]  3.659MB/51.38MB
 f17c8f1adafb Downloading [==================>                                ]  47.71MB/132.5MB
 fff3d29c5b5b Downloading [====>                                              ]   4.18MB/51.38MB
 fff3d29c5b5b Downloading [====>                                              ]   4.18MB/51.38MB
 f17c8f1adafb Downloading [==================>                                ]  48.77MB/132.5MB
 fff3d29c5b5b Downloading [====>                                              ]  4.702MB/51.38MB
 fff3d29c5b5b Downloading [====>                                              ]  4.702MB/51.38MB
 f17c8f1adafb Downloading [==================>                                ]  49.31MB/132.5MB
 fff3d29c5b5b Downloading [=====>                                             ]  5.226MB/51.38MB
 fff3d29c5b5b Downloading [=====>                                             ]  5.226MB/51.38MB
 5d49339ba265 Downloading [=================>                                 ]  3.543kB/10.05kB
 5d49339ba265 Downloading [=================>                                 ]  3.543kB/10.05kB
 5d49339ba265 Verifying Checksum 
 5d49339ba265 Download complete 
 5d49339ba265 Downloading [==================================================>]  10.05kB/10.05kB
 5d49339ba265 Verifying Checksum 
 5d49339ba265 Download complete 
 f17c8f1adafb Downloading [===================>                               ]  50.37MB/132.5MB
 fff3d29c5b5b Downloading [======>                                            ]  6.277MB/51.38MB
 fff3d29c5b5b Downloading [======>                                            ]  6.277MB/51.38MB
 f17c8f1adafb Downloading [===================>                               ]  51.45MB/132.5MB
 fff3d29c5b5b Downloading [=======>                                           ]  7.325MB/51.38MB
 fff3d29c5b5b Downloading [=======>                                           ]  7.325MB/51.38MB
 f17c8f1adafb Downloading [===================>                               ]   52.5MB/132.5MB
 f17c8f1adafb Downloading [====================>                              ]  53.57MB/132.5MB
 fff3d29c5b5b Downloading [========>                                          ]  8.364MB/51.38MB
 fff3d29c5b5b Downloading [========>                                          ]  8.364MB/51.38MB
 f17c8f1adafb Downloading [====================>                              ]  54.65MB/132.5MB
 fff3d29c5b5b Downloading [=========>                                         ]  9.413MB/51.38MB
 fff3d29c5b5b Downloading [=========>                                         ]  9.413MB/51.38MB
 f17c8f1adafb Downloading [=====================>                             ]  56.26MB/132.5MB
 fff3d29c5b5b Downloading [==========>                                        ]  10.46MB/51.38MB
 fff3d29c5b5b Downloading [==========>                                        ]  10.46MB/51.38MB
 f17c8f1adafb Downloading [=====================>                             ]  57.33MB/132.5MB
 fff3d29c5b5b Downloading [===========>                                       ]  11.51MB/51.38MB
 fff3d29c5b5b Downloading [===========>                                       ]  11.51MB/51.38MB
 f17c8f1adafb Downloading [======================>                            ]  58.39MB/132.5MB
 fff3d29c5b5b Downloading [============>                                      ]  12.56MB/51.38MB
 fff3d29c5b5b Downloading [============>                                      ]  12.56MB/51.38MB
 f17c8f1adafb Downloading [======================>                            ]  59.45MB/132.5MB
 fff3d29c5b5b Downloading [=============>                                     ]  13.61MB/51.38MB
 fff3d29c5b5b Downloading [=============>                                     ]  13.61MB/51.38MB
 fff3d29c5b5b Downloading [==============>                                    ]  14.65MB/51.38MB
 fff3d29c5b5b Downloading [==============>                                    ]  14.65MB/51.38MB
 f17c8f1adafb Downloading [======================>                            ]  60.52MB/132.5MB
 fff3d29c5b5b Downloading [===============>                                   ]  15.69MB/51.38MB
 fff3d29c5b5b Downloading [===============>                                   ]  15.69MB/51.38MB
 f17c8f1adafb Downloading [=======================>                           ]  61.59MB/132.5MB
 fff3d29c5b5b Downloading [================>                                  ]  16.74MB/51.38MB
 fff3d29c5b5b Downloading [================>                                  ]  16.74MB/51.38MB
 f17c8f1adafb Downloading [=======================>                           ]  62.66MB/132.5MB
 fff3d29c5b5b Downloading [=================>                                 ]  17.79MB/51.38MB
 fff3d29c5b5b Downloading [=================>                                 ]  17.79MB/51.38MB
 f17c8f1adafb Downloading [========================>                          ]  63.73MB/132.5MB
 fff3d29c5b5b Downloading [==================>                                ]  18.83MB/51.38MB
 fff3d29c5b5b Downloading [==================>                                ]  18.83MB/51.38MB
 f17c8f1adafb Downloading [========================>                          ]  64.81MB/132.5MB
 12ebf13f7179 Downloading [>                                                  ]  355.2kB/34.07MB
 12ebf13f7179 Downloading [>                                                  ]  355.2kB/34.07MB
 fff3d29c5b5b Downloading [===================>                               ]  19.88MB/51.38MB
 fff3d29c5b5b Downloading [===================>                               ]  19.88MB/51.38MB
 f17c8f1adafb Downloading [========================>                          ]  65.87MB/132.5MB
 12ebf13f7179 Downloading [=>                                                 ]  705.4kB/34.07MB
 12ebf13f7179 Downloading [=>                                                 ]  705.4kB/34.07MB
 fff3d29c5b5b Downloading [====================>                              ]  20.92MB/51.38MB
 fff3d29c5b5b Downloading [====================>                              ]  20.92MB/51.38MB
 f17c8f1adafb Downloading [=========================>                         ]  66.95MB/132.5MB
 12ebf13f7179 Downloading [=>                                                 ]  1.057MB/34.07MB
 12ebf13f7179 Downloading [=>                                                 ]  1.057MB/34.07MB
 fff3d29c5b5b Downloading [=====================>                             ]  21.97MB/51.38MB
 fff3d29c5b5b Downloading [=====================>                             ]  21.97MB/51.38MB
 f17c8f1adafb Downloading [=========================>                         ]  68.02MB/132.5MB
 12ebf13f7179 Downloading [==>                                                ]   1.75MB/34.07MB
 12ebf13f7179 Downloading [==>                                                ]   1.75MB/34.07MB
 fff3d29c5b5b Downloading [======================>                            ]  23.02MB/51.38MB
 fff3d29c5b5b Downloading [======================>                            ]  23.02MB/51.38MB
 f17c8f1adafb Downloading [==========================>                        ]  69.09MB/132.5MB
 12ebf13f7179 Downloading [=====>                                             ]  3.498MB/34.07MB
 12ebf13f7179 Downloading [=====>                                             ]  3.498MB/34.07MB
 fff3d29c5b5b Downloading [=======================>                           ]  24.07MB/51.38MB
 fff3d29c5b5b Downloading [=======================>                           ]  24.07MB/51.38MB
 f17c8f1adafb Downloading [==========================>                        ]  70.16MB/132.5MB
 12ebf13f7179 Downloading [=======>                                           ]  5.225MB/34.07MB
 12ebf13f7179 Downloading [=======>                                           ]  5.225MB/34.07MB
 fff3d29c5b5b Downloading [=======================>                           ]  24.59MB/51.38MB
 fff3d29c5b5b Downloading [=======================>                           ]  24.59MB/51.38MB
 f17c8f1adafb Downloading [==========================>                        ]  70.69MB/132.5MB
 12ebf13f7179 Downloading [==========>                                        ]  6.984MB/34.07MB
 12ebf13f7179 Downloading [==========>                                        ]  6.984MB/34.07MB
 f17c8f1adafb Downloading [===========================>                       ]  71.77MB/132.5MB
 fff3d29c5b5b Downloading [========================>                          ]  25.65MB/51.38MB
 fff3d29c5b5b Downloading [========================>                          ]  25.65MB/51.38MB
 12ebf13f7179 Downloading [============>                                      ]  8.367MB/34.07MB
 12ebf13f7179 Downloading [============>                                      ]  8.367MB/34.07MB
 f17c8f1adafb Downloading [===========================>                       ]  72.83MB/132.5MB
 12ebf13f7179 Downloading [==============>                                    ]  9.741MB/34.07MB
 12ebf13f7179 Downloading [==============>                                    ]  9.741MB/34.07MB
 fff3d29c5b5b Downloading [=========================>                         ]   26.7MB/51.38MB
 fff3d29c5b5b Downloading [=========================>                         ]   26.7MB/51.38MB
 f17c8f1adafb Downloading [===========================>                       ]   73.9MB/132.5MB
 12ebf13f7179 Downloading [================>                                  ]  11.46MB/34.07MB
 12ebf13f7179 Downloading [================>                                  ]  11.46MB/34.07MB
 fff3d29c5b5b Downloading [==========================>                        ]  27.74MB/51.38MB
 fff3d29c5b5b Downloading [==========================>                        ]  27.74MB/51.38MB
 12ebf13f7179 Downloading [===================>                               ]  13.18MB/34.07MB
 12ebf13f7179 Downloading [===================>                               ]  13.18MB/34.07MB
 f17c8f1adafb Downloading [============================>                      ]  74.96MB/132.5MB
 fff3d29c5b5b Downloading [============================>                      ]   28.8MB/51.38MB
 fff3d29c5b5b Downloading [============================>                      ]   28.8MB/51.38MB
 12ebf13f7179 Downloading [=====================>                             ]   14.9MB/34.07MB
 12ebf13f7179 Downloading [=====================>                             ]   14.9MB/34.07MB
 f17c8f1adafb Downloading [============================>                      ]  76.02MB/132.5MB
 fff3d29c5b5b Downloading [============================>                      ]  29.31MB/51.38MB
 fff3d29c5b5b Downloading [============================>                      ]  29.31MB/51.38MB
 12ebf13f7179 Downloading [========================>                          ]  16.64MB/34.07MB
 12ebf13f7179 Downloading [========================>                          ]  16.64MB/34.07MB
 f17c8f1adafb Downloading [=============================>                     ]  77.08MB/132.5MB
 12ebf13f7179 Downloading [==========================>                        ]  18.04MB/34.07MB
 12ebf13f7179 Downloading [==========================>                        ]  18.04MB/34.07MB
 fff3d29c5b5b Downloading [=============================>                     ]  30.36MB/51.38MB
 fff3d29c5b5b Downloading [=============================>                     ]  30.36MB/51.38MB
 f17c8f1adafb Downloading [=============================>                     ]  78.15MB/132.5MB
 12ebf13f7179 Downloading [============================>                      ]  19.44MB/34.07MB
 12ebf13f7179 Downloading [============================>                      ]  19.44MB/34.07MB
 12ebf13f7179 Downloading [==============================>                    ]  20.82MB/34.07MB
 12ebf13f7179 Downloading [==============================>                    ]  20.82MB/34.07MB
 f17c8f1adafb Downloading [=============================>                     ]  79.21MB/132.5MB
 fff3d29c5b5b Downloading [==============================>                    ]   31.4MB/51.38MB
 fff3d29c5b5b Downloading [==============================>                    ]   31.4MB/51.38MB
 12ebf13f7179 Downloading [================================>                  ]  22.22MB/34.07MB
 12ebf13f7179 Downloading [================================>                  ]  22.22MB/34.07MB
 f17c8f1adafb Downloading [==============================>                    ]  80.28MB/132.5MB
 fff3d29c5b5b Downloading [===============================>                   ]  32.45MB/51.38MB
 fff3d29c5b5b Downloading [===============================>                   ]  32.45MB/51.38MB
 12ebf13f7179 Downloading [==================================>                ]   23.6MB/34.07MB
 12ebf13f7179 Downloading [==================================>                ]   23.6MB/34.07MB
 f17c8f1adafb Downloading [==============================>                    ]  81.34MB/132.5MB
 fff3d29c5b5b Downloading [================================>                  ]  32.98MB/51.38MB
 fff3d29c5b5b Downloading [================================>                  ]  32.98MB/51.38MB
 12ebf13f7179 Downloading [====================================>              ]  24.99MB/34.07MB
 12ebf13f7179 Downloading [====================================>              ]  24.99MB/34.07MB
 12ebf13f7179 Downloading [======================================>            ]  26.37MB/34.07MB
 12ebf13f7179 Downloading [======================================>            ]  26.37MB/34.07MB
 fff3d29c5b5b Downloading [=================================>                 ]  34.02MB/51.38MB
 fff3d29c5b5b Downloading [=================================>                 ]  34.02MB/51.38MB
 f17c8f1adafb Downloading [===============================>                   ]  82.42MB/132.5MB
 12ebf13f7179 Downloading [=========================================>         ]  28.09MB/34.07MB
 12ebf13f7179 Downloading [=========================================>         ]  28.09MB/34.07MB
 fff3d29c5b5b Downloading [==================================>                ]  35.07MB/51.38MB
 fff3d29c5b5b Downloading [==================================>                ]  35.07MB/51.38MB
 f17c8f1adafb Downloading [===============================>                   ]  83.49MB/132.5MB
 12ebf13f7179 Downloading [===========================================>       ]  29.48MB/34.07MB
 12ebf13f7179 Downloading [===========================================>       ]  29.48MB/34.07MB
 f17c8f1adafb Downloading [===============================>                   ]  84.03MB/132.5MB
 12ebf13f7179 Downloading [=============================================>     ]  30.86MB/34.07MB
 12ebf13f7179 Downloading [=============================================>     ]  30.86MB/34.07MB
 fff3d29c5b5b Downloading [===================================>               ]  36.11MB/51.38MB
 fff3d29c5b5b Downloading [===================================>               ]  36.11MB/51.38MB
 f17c8f1adafb Downloading [===============================>                   ]  84.55MB/132.5MB
 12ebf13f7179 Downloading [===============================================>   ]  32.23MB/34.07MB
 12ebf13f7179 Downloading [===============================================>   ]  32.23MB/34.07MB
 fff3d29c5b5b Downloading [====================================>              ]  37.16MB/51.38MB
 fff3d29c5b5b Downloading [====================================>              ]  37.16MB/51.38MB
 f17c8f1adafb Downloading [================================>                  ]  85.63MB/132.5MB
 12ebf13f7179 Downloading [=================================================> ]  33.62MB/34.07MB
 12ebf13f7179 Downloading [=================================================> ]  33.62MB/34.07MB
 12ebf13f7179 Verifying Checksum 
 12ebf13f7179 Download complete 
 12ebf13f7179 Verifying Checksum 
 12ebf13f7179 Download complete 
 fff3d29c5b5b Downloading [=====================================>             ]  38.21MB/51.38MB
 fff3d29c5b5b Downloading [=====================================>             ]  38.21MB/51.38MB
 f17c8f1adafb Downloading [================================>                  ]   86.7MB/132.5MB
 fff3d29c5b5b Downloading [======================================>            ]  39.26MB/51.38MB
 fff3d29c5b5b Downloading [======================================>            ]  39.26MB/51.38MB
 f17c8f1adafb Downloading [================================>                  ]  87.24MB/132.5MB
 fff3d29c5b5b Downloading [=======================================>           ]   40.3MB/51.38MB
 fff3d29c5b5b Downloading [=======================================>           ]   40.3MB/51.38MB
 f17c8f1adafb Downloading [=================================>                 ]  88.31MB/132.5MB
 fff3d29c5b5b Downloading [========================================>          ]  41.86MB/51.38MB
 fff3d29c5b5b Downloading [========================================>          ]  41.86MB/51.38MB
 f17c8f1adafb Downloading [=================================>                 ]  88.85MB/132.5MB
 fff3d29c5b5b Downloading [=========================================>         ]  42.91MB/51.38MB
 fff3d29c5b5b Downloading [=========================================>         ]  42.91MB/51.38MB
 f17c8f1adafb Downloading [=================================>                 ]  89.38MB/132.5MB
 fff3d29c5b5b Downloading [==========================================>        ]  43.96MB/51.38MB
 fff3d29c5b5b Downloading [==========================================>        ]  43.96MB/51.38MB
 f17c8f1adafb Downloading [=================================>                 ]  89.91MB/132.5MB
 fff3d29c5b5b Downloading [===========================================>       ]  45.01MB/51.38MB
 fff3d29c5b5b Downloading [===========================================>       ]  45.01MB/51.38MB
 f17c8f1adafb Downloading [==================================>                ]  90.98MB/132.5MB
 fff3d29c5b5b Downloading [============================================>      ]  46.04MB/51.38MB
 fff3d29c5b5b Downloading [============================================>      ]  46.04MB/51.38MB
 f17c8f1adafb Downloading [==================================>                ]  91.52MB/132.5MB
 fff3d29c5b5b Downloading [=============================================>     ]  47.09MB/51.38MB
 fff3d29c5b5b Downloading [=============================================>     ]  47.09MB/51.38MB
 f17c8f1adafb Downloading [==================================>                ]  92.58MB/132.5MB
 fff3d29c5b5b Downloading [==============================================>    ]  48.14MB/51.38MB
 fff3d29c5b5b Downloading [==============================================>    ]  48.14MB/51.38MB
 f17c8f1adafb Downloading [===================================>               ]  93.65MB/132.5MB
 fff3d29c5b5b Downloading [===============================================>   ]  49.18MB/51.38MB
 fff3d29c5b5b Downloading [===============================================>   ]  49.18MB/51.38MB
 f17c8f1adafb Downloading [===================================>               ]  94.72MB/132.5MB
 fff3d29c5b5b Downloading [================================================>  ]  50.23MB/51.38MB
 fff3d29c5b5b Downloading [================================================>  ]  50.23MB/51.38MB
 fff3d29c5b5b Downloading [=================================================> ]  51.28MB/51.38MB
 fff3d29c5b5b Downloading [=================================================> ]  51.28MB/51.38MB
 fff3d29c5b5b Verifying Checksum 
 fff3d29c5b5b Download complete 
 fff3d29c5b5b Download complete 
 f17c8f1adafb Downloading [====================================>              ]  95.78MB/132.5MB
 fff3d29c5b5b Extracting [>                                                  ]  524.3kB/51.38MB
 fff3d29c5b5b Extracting [>                                                  ]  524.3kB/51.38MB
 fff3d29c5b5b Extracting [===>                                               ]  3.146MB/51.38MB
 fff3d29c5b5b Extracting [===>                                               ]  3.146MB/51.38MB
 f17c8f1adafb Downloading [====================================>              ]  97.37MB/132.5MB
 f17c8f1adafb Downloading [=====================================>             ]  98.99MB/132.5MB
 fff3d29c5b5b Extracting [======>                                            ]  6.816MB/51.38MB
 fff3d29c5b5b Extracting [======>                                            ]  6.816MB/51.38MB
 fff3d29c5b5b Extracting [==========>                                        ]  10.49MB/51.38MB
 fff3d29c5b5b Extracting [==========>                                        ]  10.49MB/51.38MB
 f17c8f1adafb Downloading [======================================>            ]  101.1MB/132.5MB
 fff3d29c5b5b Extracting [===============>                                   ]  16.25MB/51.38MB
 fff3d29c5b5b Extracting [===============>                                   ]  16.25MB/51.38MB
 f17c8f1adafb Downloading [======================================>            ]  102.7MB/132.5MB
 fff3d29c5b5b Extracting [=====================>                             ]  22.02MB/51.38MB
 fff3d29c5b5b Extracting [=====================>                             ]  22.02MB/51.38MB
 f17c8f1adafb Downloading [=======================================>           ]  104.3MB/132.5MB
 6a9f4aede0a2 Downloading [>                                                  ]  539.6kB/141.4MB
 6a9f4aede0a2 Downloading [>                                                  ]  539.6kB/141.4MB
 fff3d29c5b5b Extracting [==========================>                        ]  26.74MB/51.38MB
 fff3d29c5b5b Extracting [==========================>                        ]  26.74MB/51.38MB
 f17c8f1adafb Downloading [=======================================>           ]  105.9MB/132.5MB
 6a9f4aede0a2 Downloading [>                                                  ]  1.611MB/141.4MB
 6a9f4aede0a2 Downloading [>                                                  ]  1.611MB/141.4MB
 fff3d29c5b5b Extracting [===============================>                   ]  31.98MB/51.38MB
 fff3d29c5b5b Extracting [===============================>                   ]  31.98MB/51.38MB
 f17c8f1adafb Downloading [========================================>          ]  107.5MB/132.5MB
 fff3d29c5b5b Extracting [==================================>                ]  35.13MB/51.38MB
 fff3d29c5b5b Extracting [==================================>                ]  35.13MB/51.38MB
 6a9f4aede0a2 Downloading [>                                                  ]  2.145MB/141.4MB
 6a9f4aede0a2 Downloading [>                                                  ]  2.145MB/141.4MB
 fff3d29c5b5b Extracting [=========================================>         ]  42.47MB/51.38MB
 fff3d29c5b5b Extracting [=========================================>         ]  42.47MB/51.38MB
 f17c8f1adafb Downloading [=========================================>         ]  109.2MB/132.5MB
 6a9f4aede0a2 Downloading [=>                                                 ]  3.226MB/141.4MB
 6a9f4aede0a2 Downloading [=>                                                 ]  3.226MB/141.4MB
 fff3d29c5b5b Extracting [==============================================>    ]  47.71MB/51.38MB
 fff3d29c5b5b Extracting [==============================================>    ]  47.71MB/51.38MB
 f17c8f1adafb Downloading [=========================================>         ]  110.8MB/132.5MB
 6a9f4aede0a2 Downloading [=>                                                 ]  4.291MB/141.4MB
 6a9f4aede0a2 Downloading [=>                                                 ]  4.291MB/141.4MB
 6a9f4aede0a2 Downloading [==>                                                ]  5.895MB/141.4MB
 6a9f4aede0a2 Downloading [==>                                                ]  5.895MB/141.4MB
 f17c8f1adafb Downloading [==========================================>        ]  112.4MB/132.5MB
 6a9f4aede0a2 Downloading [==>                                                ]  8.027MB/141.4MB
 6a9f4aede0a2 Downloading [==>                                                ]  8.027MB/141.4MB
 f17c8f1adafb Downloading [===========================================>       ]    114MB/132.5MB
 fff3d29c5b5b Extracting [================================================>  ]  49.81MB/51.38MB
 6a9f4aede0a2 Downloading [===>                                               ]  10.16MB/141.4MB
 fff3d29c5b5b Extracting [================================================>  ]  49.81MB/51.38MB
 6a9f4aede0a2 Downloading [===>                                               ]  10.16MB/141.4MB
 f17c8f1adafb Downloading [===========================================>       ]  116.1MB/132.5MB
 fff3d29c5b5b Extracting [================================================>  ]  50.33MB/51.38MB
 fff3d29c5b5b Extracting [================================================>  ]  50.33MB/51.38MB
 6a9f4aede0a2 Downloading [===>                                               ]  11.21MB/141.4MB
 6a9f4aede0a2 Downloading [===>                                               ]  11.21MB/141.4MB
 f17c8f1adafb Downloading [============================================>      ]  117.7MB/132.5MB
 fff3d29c5b5b Extracting [==================================================>]  51.38MB/51.38MB
 fff3d29c5b5b Extracting [==================================================>]  51.38MB/51.38MB
 fff3d29c5b5b Pull complete 
 fff3d29c5b5b Pull complete 
 8e0629b04947 Extracting [==================================================>]  1.852kB/1.852kB
 8e0629b04947 Extracting [==================================================>]  1.852kB/1.852kB
 8e0629b04947 Extracting [==================================================>]  1.852kB/1.852kB
 8e0629b04947 Extracting [==================================================>]  1.852kB/1.852kB
 8e0629b04947 Pull complete 
 8e0629b04947 Pull complete 
 5d49339ba265 Extracting [==================================================>]  10.05kB/10.05kB
 5d49339ba265 Extracting [==================================================>]  10.05kB/10.05kB
 5d49339ba265 Extracting [==================================================>]  10.05kB/10.05kB
 5d49339ba265 Extracting [==================================================>]  10.05kB/10.05kB
 5d49339ba265 Pull complete 
 5d49339ba265 Pull complete 
 f17c8f1adafb Downloading [============================================>      ]  118.8MB/132.5MB
 6a9f4aede0a2 Downloading [====>                                              ]  13.35MB/141.4MB
 6a9f4aede0a2 Downloading [====>                                              ]  13.35MB/141.4MB
 12ebf13f7179 Extracting [>                                                  ]  360.4kB/34.07MB
 12ebf13f7179 Extracting [>                                                  ]  360.4kB/34.07MB
 f17c8f1adafb Downloading [=============================================>     ]  120.9MB/132.5MB
 12ebf13f7179 Extracting [======>                                            ]  4.325MB/34.07MB
 12ebf13f7179 Extracting [======>                                            ]  4.325MB/34.07MB
 6a9f4aede0a2 Downloading [=====>                                             ]   15.5MB/141.4MB
 6a9f4aede0a2 Downloading [=====>                                             ]   15.5MB/141.4MB
 12ebf13f7179 Extracting [=======>                                           ]  5.407MB/34.07MB
 12ebf13f7179 Extracting [=======>                                           ]  5.407MB/34.07MB
 6a9f4aede0a2 Downloading [=====>                                             ]  16.57MB/141.4MB
 6a9f4aede0a2 Downloading [=====>                                             ]  16.57MB/141.4MB
 f17c8f1adafb Downloading [==============================================>    ]  122.5MB/132.5MB
 12ebf13f7179 Extracting [===========>                                       ]  7.569MB/34.07MB
 12ebf13f7179 Extracting [===========>                                       ]  7.569MB/34.07MB
 6a9f4aede0a2 Downloading [======>                                            ]  18.18MB/141.4MB
 6a9f4aede0a2 Downloading [======>                                            ]  18.18MB/141.4MB
 12ebf13f7179 Extracting [===================>                               ]  12.98MB/34.07MB
 12ebf13f7179 Extracting [===================>                               ]  12.98MB/34.07MB
 f17c8f1adafb Downloading [==============================================>    ]  124.1MB/132.5MB
 12ebf13f7179 Extracting [========================>                          ]  16.94MB/34.07MB
 12ebf13f7179 Extracting [========================>                          ]  16.94MB/34.07MB
 6a9f4aede0a2 Downloading [======>                                            ]  19.26MB/141.4MB
 6a9f4aede0a2 Downloading [======>                                            ]  19.26MB/141.4MB
 12ebf13f7179 Extracting [===========================>                       ]  18.74MB/34.07MB
 12ebf13f7179 Extracting [===========================>                       ]  18.74MB/34.07MB
 6a9f4aede0a2 Downloading [=======>                                           ]  20.33MB/141.4MB
 6a9f4aede0a2 Downloading [=======>                                           ]  20.33MB/141.4MB
 0684c1d05451 Downloading [>                                                  ]  529.9kB/114.8MB
 0684c1d05451 Downloading [>                                                  ]  529.9kB/114.8MB
 12ebf13f7179 Extracting [=================================>                 ]  23.07MB/34.07MB
 12ebf13f7179 Extracting [=================================>                 ]  23.07MB/34.07MB
 f17c8f1adafb Downloading [===============================================>   ]  124.6MB/132.5MB
 0684c1d05451 Downloading [>                                                  ]  2.135MB/114.8MB
 0684c1d05451 Downloading [>                                                  ]  2.135MB/114.8MB
 6a9f4aede0a2 Downloading [=======>                                           ]  21.94MB/141.4MB
 6a9f4aede0a2 Downloading [=======>                                           ]  21.94MB/141.4MB
 12ebf13f7179 Extracting [===================================>               ]  24.15MB/34.07MB
 12ebf13f7179 Extracting [===================================>               ]  24.15MB/34.07MB
 0684c1d05451 Downloading [=>                                                 ]  2.669MB/114.8MB
 0684c1d05451 Downloading [=>                                                 ]  2.669MB/114.8MB
 f17c8f1adafb Downloading [===============================================>   ]  125.2MB/132.5MB
 12ebf13f7179 Extracting [====================================>              ]  24.87MB/34.07MB
 12ebf13f7179 Extracting [====================================>              ]  24.87MB/34.07MB
 6a9f4aede0a2 Downloading [========>                                          ]  23.55MB/141.4MB
 6a9f4aede0a2 Downloading [========>                                          ]  23.55MB/141.4MB
 f17c8f1adafb Downloading [===============================================>   ]  125.7MB/132.5MB
 0684c1d05451 Downloading [=>                                                 ]  3.727MB/114.8MB
 0684c1d05451 Downloading [=>                                                 ]  3.727MB/114.8MB
 12ebf13f7179 Extracting [=======================================>           ]  27.03MB/34.07MB
 12ebf13f7179 Extracting [=======================================>           ]  27.03MB/34.07MB
 f17c8f1adafb Downloading [===============================================>   ]  126.2MB/132.5MB
 6a9f4aede0a2 Downloading [========>                                          ]  24.08MB/141.4MB
 6a9f4aede0a2 Downloading [========>                                          ]  24.08MB/141.4MB
 12ebf13f7179 Extracting [==========================================>        ]   29.2MB/34.07MB
 12ebf13f7179 Extracting [==========================================>        ]   29.2MB/34.07MB
 6a9f4aede0a2 Downloading [========>                                          ]  24.62MB/141.4MB
 6a9f4aede0a2 Downloading [========>                                          ]  24.62MB/141.4MB
 f17c8f1adafb Downloading [===============================================>   ]  126.8MB/132.5MB
 0684c1d05451 Downloading [==>                                                ]  4.804MB/114.8MB
 0684c1d05451 Downloading [==>                                                ]  4.804MB/114.8MB
 12ebf13f7179 Extracting [============================================>      ]  30.64MB/34.07MB
 12ebf13f7179 Extracting [============================================>      ]  30.64MB/34.07MB
 f17c8f1adafb Downloading [================================================>  ]  127.3MB/132.5MB
 0684c1d05451 Downloading [==>                                                ]  5.859MB/114.8MB
 0684c1d05451 Downloading [==>                                                ]  5.859MB/114.8MB
 12ebf13f7179 Extracting [===============================================>   ]  32.08MB/34.07MB
 12ebf13f7179 Extracting [===============================================>   ]  32.08MB/34.07MB
 6a9f4aede0a2 Downloading [=========>                                         ]  25.69MB/141.4MB
 6a9f4aede0a2 Downloading [=========>                                         ]  25.69MB/141.4MB
 12ebf13f7179 Extracting [==================================================>]  34.07MB/34.07MB
 12ebf13f7179 Extracting [==================================================>]  34.07MB/34.07MB
 f17c8f1adafb Downloading [================================================>  ]  128.4MB/132.5MB
 0684c1d05451 Downloading [===>                                               ]   6.92MB/114.8MB
 0684c1d05451 Downloading [===>                                               ]   6.92MB/114.8MB
 12ebf13f7179 Pull complete 
 12ebf13f7179 Pull complete 
 6a9f4aede0a2 Downloading [=========>                                         ]  26.76MB/141.4MB
 6a9f4aede0a2 Downloading [=========>                                         ]  26.76MB/141.4MB
 0684c1d05451 Downloading [===>                                               ]   7.98MB/114.8MB
 0684c1d05451 Downloading [===>                                               ]   7.98MB/114.8MB
 f17c8f1adafb Downloading [================================================>  ]  129.4MB/132.5MB
 6a9f4aede0a2 Downloading [=========>                                         ]  27.84MB/141.4MB
 6a9f4aede0a2 Downloading [=========>                                         ]  27.84MB/141.4MB
 f17c8f1adafb Downloading [=================================================> ]    130MB/132.5MB
 0684c1d05451 Downloading [===>                                               ]  9.056MB/114.8MB
 0684c1d05451 Downloading [===>                                               ]  9.056MB/114.8MB
 6a9f4aede0a2 Downloading [==========>                                        ]  28.38MB/141.4MB
 6a9f4aede0a2 Downloading [==========>                                        ]  28.38MB/141.4MB
 0684c1d05451 Downloading [====>                                              ]  9.589MB/114.8MB
 0684c1d05451 Downloading [====>                                              ]  9.589MB/114.8MB
 f17c8f1adafb Downloading [=================================================> ]  130.5MB/132.5MB
 6a9f4aede0a2 Downloading [==========>                                        ]  28.92MB/141.4MB
 6a9f4aede0a2 Downloading [==========>                                        ]  28.92MB/141.4MB
 0684c1d05451 Downloading [====>                                              ]  10.66MB/114.8MB
 0684c1d05451 Downloading [====>                                              ]  10.66MB/114.8MB
 6a9f4aede0a2 Downloading [==========>                                        ]     30MB/141.4MB
 6a9f4aede0a2 Downloading [==========>                                        ]     30MB/141.4MB
 f17c8f1adafb Downloading [=================================================> ]  131.6MB/132.5MB
 0684c1d05451 Downloading [=====>                                             ]  11.74MB/114.8MB
 0684c1d05451 Downloading [=====>                                             ]  11.74MB/114.8MB
 f17c8f1adafb Verifying Checksum 
 f17c8f1adafb Download complete 
 6a9f4aede0a2 Downloading [==========>                                        ]  31.08MB/141.4MB
 6a9f4aede0a2 Downloading [==========>                                        ]  31.08MB/141.4MB
 f17c8f1adafb Extracting [>                                                  ]  557.1kB/132.5MB
 0684c1d05451 Downloading [=====>                                             ]  12.82MB/114.8MB
 0684c1d05451 Downloading [=====>                                             ]  12.82MB/114.8MB
 f17c8f1adafb Extracting [>                                                  ]  1.671MB/132.5MB
 6a9f4aede0a2 Downloading [===========>                                       ]  32.69MB/141.4MB
 6a9f4aede0a2 Downloading [===========>                                       ]  32.69MB/141.4MB
 0684c1d05451 Downloading [======>                                            ]  14.43MB/114.8MB
 0684c1d05451 Downloading [======>                                            ]  14.43MB/114.8MB
 f17c8f1adafb Extracting [==>                                                ]  6.685MB/132.5MB
 6a9f4aede0a2 Downloading [============>                                      ]  34.31MB/141.4MB
 6a9f4aede0a2 Downloading [============>                                      ]  34.31MB/141.4MB
 0684c1d05451 Downloading [======>                                            ]  16.04MB/114.8MB
 0684c1d05451 Downloading [======>                                            ]  16.04MB/114.8MB
 f17c8f1adafb Extracting [=====>                                             ]  13.37MB/132.5MB
 6a9f4aede0a2 Downloading [============>                                      ]  36.45MB/141.4MB
 6a9f4aede0a2 Downloading [============>                                      ]  36.45MB/141.4MB
 0684c1d05451 Downloading [=======>                                           ]  17.66MB/114.8MB
 0684c1d05451 Downloading [=======>                                           ]  17.66MB/114.8MB
 f17c8f1adafb Extracting [=====>                                             ]  15.04MB/132.5MB
 6a9f4aede0a2 Downloading [=============>                                     ]  38.04MB/141.4MB
 6a9f4aede0a2 Downloading [=============>                                     ]  38.04MB/141.4MB
 0684c1d05451 Downloading [========>                                          ]  19.26MB/114.8MB
 0684c1d05451 Downloading [========>                                          ]  19.26MB/114.8MB
 f17c8f1adafb Extracting [======>                                            ]  18.38MB/132.5MB
 6a9f4aede0a2 Downloading [==============>                                    ]  39.66MB/141.4MB
 6a9f4aede0a2 Downloading [==============>                                    ]  39.66MB/141.4MB
 0684c1d05451 Downloading [=========>                                         ]  21.39MB/114.8MB
 0684c1d05451 Downloading [=========>                                         ]  21.39MB/114.8MB
 f17c8f1adafb Extracting [=======>                                           ]  21.17MB/132.5MB
 6a9f4aede0a2 Downloading [==============>                                    ]  41.27MB/141.4MB
 6a9f4aede0a2 Downloading [==============>                                    ]  41.27MB/141.4MB
 f17c8f1adafb Extracting [========>                                          ]   23.4MB/132.5MB
 0684c1d05451 Downloading [==========>                                        ]  23.01MB/114.8MB
 0684c1d05451 Downloading [==========>                                        ]  23.01MB/114.8MB
 6a9f4aede0a2 Downloading [===============>                                   ]  42.87MB/141.4MB
 6a9f4aede0a2 Downloading [===============>                                   ]  42.87MB/141.4MB
 f17c8f1adafb Extracting [==========>                                        ]  26.74MB/132.5MB
 6a9f4aede0a2 Downloading [===============>                                   ]  44.47MB/141.4MB
 0684c1d05451 Downloading [==========>                                        ]  24.61MB/114.8MB
 6a9f4aede0a2 Downloading [===============>                                   ]  44.47MB/141.4MB
 0684c1d05451 Downloading [==========>                                        ]  24.61MB/114.8MB
 f17c8f1adafb Extracting [===========>                                       ]  29.52MB/132.5MB
 6a9f4aede0a2 Downloading [================>                                  ]  46.08MB/141.4MB
 6a9f4aede0a2 Downloading [================>                                  ]  46.08MB/141.4MB
 0684c1d05451 Downloading [===========>                                       ]  26.21MB/114.8MB
 0684c1d05451 Downloading [===========>                                       ]  26.21MB/114.8MB
 f17c8f1adafb Extracting [============>                                      ]  32.31MB/132.5MB
 0684c1d05451 Downloading [============>                                      ]  27.81MB/114.8MB
 0684c1d05451 Downloading [============>                                      ]  27.81MB/114.8MB
 6a9f4aede0a2 Downloading [================>                                  ]   47.7MB/141.4MB
 6a9f4aede0a2 Downloading [================>                                  ]   47.7MB/141.4MB
 f17c8f1adafb Extracting [=============>                                     ]  34.54MB/132.5MB
 0684c1d05451 Downloading [============>                                      ]  29.42MB/114.8MB
 0684c1d05451 Downloading [============>                                      ]  29.42MB/114.8MB
 6a9f4aede0a2 Downloading [=================>                                 ]  48.77MB/141.4MB
 6a9f4aede0a2 Downloading [=================>                                 ]  48.77MB/141.4MB
 f17c8f1adafb Extracting [=============>                                     ]  36.21MB/132.5MB
 0684c1d05451 Downloading [=============>                                     ]  31.01MB/114.8MB
 0684c1d05451 Downloading [=============>                                     ]  31.01MB/114.8MB
 6a9f4aede0a2 Downloading [==================>                                ]  50.92MB/141.4MB
 6a9f4aede0a2 Downloading [==================>                                ]  50.92MB/141.4MB
 f17c8f1adafb Extracting [==============>                                    ]  37.32MB/132.5MB
 0684c1d05451 Downloading [==============>                                    ]  32.63MB/114.8MB
 0684c1d05451 Downloading [==============>                                    ]  32.63MB/114.8MB
 6a9f4aede0a2 Downloading [==================>                                ]  52.53MB/141.4MB
 6a9f4aede0a2 Downloading [==================>                                ]  52.53MB/141.4MB
 f17c8f1adafb Extracting [==============>                                    ]  38.99MB/132.5MB
 0684c1d05451 Downloading [==============>                                    ]   33.7MB/114.8MB
 0684c1d05451 Downloading [==============>                                    ]   33.7MB/114.8MB
 6a9f4aede0a2 Downloading [===================>                               ]  54.13MB/141.4MB
 6a9f4aede0a2 Downloading [===================>                               ]  54.13MB/141.4MB
 f17c8f1adafb Extracting [===============>                                   ]  40.67MB/132.5MB
 0684c1d05451 Downloading [===============>                                   ]  35.32MB/114.8MB
 0684c1d05451 Downloading [===============>                                   ]  35.32MB/114.8MB
 6a9f4aede0a2 Downloading [===================>                               ]  55.74MB/141.4MB
 6a9f4aede0a2 Downloading [===================>                               ]  55.74MB/141.4MB
 f17c8f1adafb Extracting [================>                                  ]  42.89MB/132.5MB
 0684c1d05451 Downloading [================>                                  ]  36.92MB/114.8MB
 0684c1d05451 Downloading [================>                                  ]  36.92MB/114.8MB
 6a9f4aede0a2 Downloading [====================>                              ]  57.34MB/141.4MB
 6a9f4aede0a2 Downloading [====================>                              ]  57.34MB/141.4MB
 f17c8f1adafb Extracting [=================>                                 ]  45.12MB/132.5MB
 0684c1d05451 Downloading [================>                                  ]  38.52MB/114.8MB
 0684c1d05451 Downloading [================>                                  ]  38.52MB/114.8MB
 6a9f4aede0a2 Downloading [====================>                              ]  58.97MB/141.4MB
 6a9f4aede0a2 Downloading [====================>                              ]  58.97MB/141.4MB
 f17c8f1adafb Extracting [==================>                                ]  47.91MB/132.5MB
 0684c1d05451 Downloading [=================>                                 ]  40.14MB/114.8MB
 0684c1d05451 Downloading [=================>                                 ]  40.14MB/114.8MB
 6a9f4aede0a2 Downloading [=====================>                             ]  60.57MB/141.4MB
 6a9f4aede0a2 Downloading [=====================>                             ]  60.57MB/141.4MB
 f17c8f1adafb Extracting [===================>                               ]  50.69MB/132.5MB
 165d1667e541 Downloading [>                                                  ]  538.1kB/107.7MB
 165d1667e541 Downloading [>                                                  ]  538.1kB/107.7MB
 0684c1d05451 Downloading [==================>                                ]  41.73MB/114.8MB
 6a9f4aede0a2 Downloading [=====================>                             ]  62.18MB/141.4MB
 0684c1d05451 Downloading [==================>                                ]  41.73MB/114.8MB
 6a9f4aede0a2 Downloading [=====================>                             ]  62.18MB/141.4MB
 f17c8f1adafb Extracting [===================>                               ]  52.92MB/132.5MB
 f17c8f1adafb Extracting [====================>                              ]  54.59MB/132.5MB
 6a9f4aede0a2 Downloading [======================>                            ]  63.77MB/141.4MB
 6a9f4aede0a2 Downloading [======================>                            ]  63.77MB/141.4MB
 0684c1d05451 Downloading [==================>                                ]  43.33MB/114.8MB
 0684c1d05451 Downloading [==================>                                ]  43.33MB/114.8MB
 165d1667e541 Downloading [>                                                  ]  1.069MB/107.7MB
 165d1667e541 Downloading [>                                                  ]  1.069MB/107.7MB
 f17c8f1adafb Extracting [======================>                            ]  58.49MB/132.5MB
 0684c1d05451 Downloading [===================>                               ]  44.41MB/114.8MB
 0684c1d05451 Downloading [===================>                               ]  44.41MB/114.8MB
 6a9f4aede0a2 Downloading [=======================>                           ]  65.92MB/141.4MB
 6a9f4aede0a2 Downloading [=======================>                           ]  65.92MB/141.4MB
 165d1667e541 Downloading [>                                                  ]  1.598MB/107.7MB
 165d1667e541 Downloading [>                                                  ]  1.598MB/107.7MB
 f17c8f1adafb Extracting [=======================>                           ]  61.83MB/132.5MB
 0684c1d05451 Downloading [===================>                               ]  45.49MB/114.8MB
 0684c1d05451 Downloading [===================>                               ]  45.49MB/114.8MB
 6a9f4aede0a2 Downloading [=======================>                           ]  66.99MB/141.4MB
 6a9f4aede0a2 Downloading [=======================>                           ]  66.99MB/141.4MB
 f17c8f1adafb Extracting [========================>                          ]  65.18MB/132.5MB
 165d1667e541 Downloading [>                                                  ]  2.126MB/107.7MB
 165d1667e541 Downloading [>                                                  ]  2.126MB/107.7MB
 6a9f4aede0a2 Downloading [========================>                          ]  68.57MB/141.4MB
 6a9f4aede0a2 Downloading [========================>                          ]  68.57MB/141.4MB
 0684c1d05451 Downloading [====================>                              ]  46.55MB/114.8MB
 0684c1d05451 Downloading [====================>                              ]  46.55MB/114.8MB
 165d1667e541 Downloading [=>                                                 ]  2.663MB/107.7MB
 165d1667e541 Downloading [=>                                                 ]  2.663MB/107.7MB
 f17c8f1adafb Extracting [=========================>                         ]   67.4MB/132.5MB
 0684c1d05451 Downloading [====================>                              ]  47.62MB/114.8MB
 0684c1d05451 Downloading [====================>                              ]  47.62MB/114.8MB
 6a9f4aede0a2 Downloading [========================>                          ]  70.19MB/141.4MB
 6a9f4aede0a2 Downloading [========================>                          ]  70.19MB/141.4MB
 f17c8f1adafb Extracting [==========================>                        ]  70.75MB/132.5MB
 165d1667e541 Downloading [=>                                                 ]  3.204MB/107.7MB
 165d1667e541 Downloading [=>                                                 ]  3.204MB/107.7MB
 0684c1d05451 Downloading [=====================>                             ]   48.7MB/114.8MB
 0684c1d05451 Downloading [=====================>                             ]   48.7MB/114.8MB
 6a9f4aede0a2 Downloading [=========================>                         ]   71.8MB/141.4MB
 6a9f4aede0a2 Downloading [=========================>                         ]   71.8MB/141.4MB
 f17c8f1adafb Extracting [=============================>                     ]  77.99MB/132.5MB
 165d1667e541 Downloading [=>                                                 ]  3.744MB/107.7MB
 165d1667e541 Downloading [=>                                                 ]  3.744MB/107.7MB
 0684c1d05451 Downloading [=====================>                             ]  49.77MB/114.8MB
 0684c1d05451 Downloading [=====================>                             ]  49.77MB/114.8MB
 6a9f4aede0a2 Downloading [=========================>                         ]  73.41MB/141.4MB
 6a9f4aede0a2 Downloading [=========================>                         ]  73.41MB/141.4MB
 f17c8f1adafb Extracting [===============================>                   ]  84.67MB/132.5MB
 0684c1d05451 Downloading [======================>                            ]  50.84MB/114.8MB
 0684c1d05451 Downloading [======================>                            ]  50.84MB/114.8MB
 165d1667e541 Downloading [=>                                                 ]  4.285MB/107.7MB
 165d1667e541 Downloading [=>                                                 ]  4.285MB/107.7MB
 6a9f4aede0a2 Downloading [==========================>                        ]  75.03MB/141.4MB
 6a9f4aede0a2 Downloading [==========================>                        ]  75.03MB/141.4MB
 f17c8f1adafb Extracting [==================================>                ]  91.36MB/132.5MB
 0684c1d05451 Downloading [======================>                            ]  51.92MB/114.8MB
 0684c1d05451 Downloading [======================>                            ]  51.92MB/114.8MB
 165d1667e541 Downloading [==>                                                ]  4.826MB/107.7MB
 165d1667e541 Downloading [==>                                                ]  4.826MB/107.7MB
 6a9f4aede0a2 Downloading [===========================>                       ]  76.65MB/141.4MB
 6a9f4aede0a2 Downloading [===========================>                       ]  76.65MB/141.4MB
 f17c8f1adafb Extracting [===================================>               ]   94.7MB/132.5MB
 0684c1d05451 Downloading [=======================>                           ]  52.99MB/114.8MB
 0684c1d05451 Downloading [=======================>                           ]  52.99MB/114.8MB
 f17c8f1adafb Extracting [=====================================>             ]   98.6MB/132.5MB
 6a9f4aede0a2 Downloading [===========================>                       ]  78.26MB/141.4MB
 6a9f4aede0a2 Downloading [===========================>                       ]  78.26MB/141.4MB
 165d1667e541 Downloading [==>                                                ]  5.367MB/107.7MB
 165d1667e541 Downloading [==>                                                ]  5.367MB/107.7MB
 f17c8f1adafb Extracting [=======================================>           ]  105.3MB/132.5MB
 f17c8f1adafb Extracting [==========================================>        ]  113.6MB/132.5MB
 0684c1d05451 Downloading [=======================>                           ]  54.07MB/114.8MB
 0684c1d05451 Downloading [=======================>                           ]  54.07MB/114.8MB
 6a9f4aede0a2 Downloading [============================>                      ]  79.87MB/141.4MB
 6a9f4aede0a2 Downloading [============================>                      ]  79.87MB/141.4MB
 165d1667e541 Downloading [==>                                                ]  5.907MB/107.7MB
 165d1667e541 Downloading [==>                                                ]  5.907MB/107.7MB
 f17c8f1adafb Extracting [===========================================>       ]  115.9MB/132.5MB
 0684c1d05451 Downloading [========================>                          ]  55.14MB/114.8MB
 0684c1d05451 Downloading [========================>                          ]  55.14MB/114.8MB
 6a9f4aede0a2 Downloading [============================>                      ]  81.48MB/141.4MB
 6a9f4aede0a2 Downloading [============================>                      ]  81.48MB/141.4MB
 165d1667e541 Downloading [==>                                                ]  6.448MB/107.7MB
 165d1667e541 Downloading [==>                                                ]  6.448MB/107.7MB
 f17c8f1adafb Extracting [============================================>      ]    117MB/132.5MB
 0684c1d05451 Downloading [========================>                          ]  56.21MB/114.8MB
 0684c1d05451 Downloading [========================>                          ]  56.21MB/114.8MB
 6a9f4aede0a2 Downloading [=============================>                     ]  83.08MB/141.4MB
 6a9f4aede0a2 Downloading [=============================>                     ]  83.08MB/141.4MB
 165d1667e541 Downloading [===>                                               ]  6.989MB/107.7MB
 165d1667e541 Downloading [===>                                               ]  6.989MB/107.7MB
 0684c1d05451 Downloading [========================>                          ]  57.28MB/114.8MB
 0684c1d05451 Downloading [========================>                          ]  57.28MB/114.8MB
 6a9f4aede0a2 Downloading [=============================>                     ]  84.69MB/141.4MB
 6a9f4aede0a2 Downloading [=============================>                     ]  84.69MB/141.4MB
 165d1667e541 Downloading [===>                                               ]  7.529MB/107.7MB
 165d1667e541 Downloading [===>                                               ]  7.529MB/107.7MB
 f17c8f1adafb Extracting [============================================>      ]  118.1MB/132.5MB
 6a9f4aede0a2 Downloading [==============================>                    ]   86.3MB/141.4MB
 6a9f4aede0a2 Downloading [==============================>                    ]   86.3MB/141.4MB
 0684c1d05451 Downloading [=========================>                         ]  58.88MB/114.8MB
 0684c1d05451 Downloading [=========================>                         ]  58.88MB/114.8MB
 f17c8f1adafb Extracting [============================================>      ]  119.2MB/132.5MB
 6a9f4aede0a2 Downloading [===============================>                   ]   87.9MB/141.4MB
 6a9f4aede0a2 Downloading [===============================>                   ]   87.9MB/141.4MB
 0684c1d05451 Downloading [==========================>                        ]  59.96MB/114.8MB
 0684c1d05451 Downloading [==========================>                        ]  59.96MB/114.8MB
 165d1667e541 Downloading [===>                                               ]  8.611MB/107.7MB
 165d1667e541 Downloading [===>                                               ]  8.611MB/107.7MB
 f17c8f1adafb Extracting [=============================================>     ]  120.9MB/132.5MB
 6a9f4aede0a2 Downloading [===============================>                   ]  88.98MB/141.4MB
 6a9f4aede0a2 Downloading [===============================>                   ]  88.98MB/141.4MB
 0684c1d05451 Downloading [==========================>                        ]  60.49MB/114.8MB
 0684c1d05451 Downloading [==========================>                        ]  60.49MB/114.8MB
 f17c8f1adafb Extracting [==============================================>    ]  122.6MB/132.5MB
 165d1667e541 Downloading [====>                                              ]  9.692MB/107.7MB
 165d1667e541 Downloading [====>                                              ]  9.692MB/107.7MB
 6a9f4aede0a2 Downloading [================================>                  ]  90.59MB/141.4MB
 6a9f4aede0a2 Downloading [================================>                  ]  90.59MB/141.4MB
 0684c1d05451 Downloading [===========================>                       ]   62.1MB/114.8MB
 0684c1d05451 Downloading [===========================>                       ]   62.1MB/114.8MB
 f17c8f1adafb Extracting [==============================================>    ]  123.7MB/132.5MB
 6a9f4aede0a2 Downloading [================================>                  ]  92.21MB/141.4MB
 6a9f4aede0a2 Downloading [================================>                  ]  92.21MB/141.4MB
 0684c1d05451 Downloading [===========================>                       ]  63.17MB/114.8MB
 0684c1d05451 Downloading [===========================>                       ]  63.17MB/114.8MB
 f17c8f1adafb Extracting [===============================================>   ]  124.8MB/132.5MB
 6a9f4aede0a2 Downloading [=================================>                 ]  94.35MB/141.4MB
 6a9f4aede0a2 Downloading [=================================>                 ]  94.35MB/141.4MB
 0684c1d05451 Downloading [===========================>                       ]  63.71MB/114.8MB
 0684c1d05451 Downloading [===========================>                       ]  63.71MB/114.8MB
 165d1667e541 Downloading [=====>                                             ]  10.77MB/107.7MB
 165d1667e541 Downloading [=====>                                             ]  10.77MB/107.7MB
 165d1667e541 Downloading [=====>                                             ]  11.31MB/107.7MB
 165d1667e541 Downloading [=====>                                             ]  11.31MB/107.7MB
 6a9f4aede0a2 Downloading [=================================>                 ]  95.96MB/141.4MB
 6a9f4aede0a2 Downloading [=================================>                 ]  95.96MB/141.4MB
 0684c1d05451 Downloading [============================>                      ]   65.3MB/114.8MB
 0684c1d05451 Downloading [============================>                      ]   65.3MB/114.8MB
 f17c8f1adafb Extracting [===============================================>   ]  126.5MB/132.5MB
 165d1667e541 Downloading [=====>                                             ]  11.85MB/107.7MB
 165d1667e541 Downloading [=====>                                             ]  11.85MB/107.7MB
 f17c8f1adafb Extracting [================================================>  ]  127.6MB/132.5MB
 0684c1d05451 Downloading [============================>                      ]  66.38MB/114.8MB
 0684c1d05451 Downloading [============================>                      ]  66.38MB/114.8MB
 6a9f4aede0a2 Downloading [==================================>                ]  97.57MB/141.4MB
 6a9f4aede0a2 Downloading [==================================>                ]  97.57MB/141.4MB
 165d1667e541 Downloading [=====>                                             ]   12.4MB/107.7MB
 165d1667e541 Downloading [=====>                                             ]   12.4MB/107.7MB
 f17c8f1adafb Extracting [================================================>  ]  128.7MB/132.5MB
 6a9f4aede0a2 Downloading [===================================>               ]  99.71MB/141.4MB
 6a9f4aede0a2 Downloading [===================================>               ]  99.71MB/141.4MB
 0684c1d05451 Downloading [=============================>                     ]  67.46MB/114.8MB
 0684c1d05451 Downloading [=============================>                     ]  67.46MB/114.8MB
 165d1667e541 Downloading [======>                                            ]  13.47MB/107.7MB
 165d1667e541 Downloading [======>                                            ]  13.47MB/107.7MB
 6a9f4aede0a2 Downloading [===================================>               ]  101.3MB/141.4MB
 6a9f4aede0a2 Downloading [===================================>               ]  101.3MB/141.4MB
 f17c8f1adafb Extracting [=================================================> ]  130.4MB/132.5MB
 0684c1d05451 Downloading [=============================>                     ]  68.53MB/114.8MB
 0684c1d05451 Downloading [=============================>                     ]  68.53MB/114.8MB
 6a9f4aede0a2 Downloading [====================================>              ]  102.4MB/141.4MB
 6a9f4aede0a2 Downloading [====================================>              ]  102.4MB/141.4MB
 165d1667e541 Downloading [======>                                            ]  14.55MB/107.7MB
 165d1667e541 Downloading [======>                                            ]  14.55MB/107.7MB
 f17c8f1adafb Extracting [=================================================> ]    132MB/132.5MB
 0684c1d05451 Downloading [==============================>                    ]   69.6MB/114.8MB
 0684c1d05451 Downloading [==============================>                    ]   69.6MB/114.8MB
 6a9f4aede0a2 Downloading [====================================>              ]  104.5MB/141.4MB
 6a9f4aede0a2 Downloading [====================================>              ]  104.5MB/141.4MB
 165d1667e541 Downloading [=======>                                           ]  15.63MB/107.7MB
 165d1667e541 Downloading [=======>                                           ]  15.63MB/107.7MB
 0684c1d05451 Downloading [==============================>                    ]  70.68MB/114.8MB
 0684c1d05451 Downloading [==============================>                    ]  70.68MB/114.8MB
 6a9f4aede0a2 Downloading [=====================================>             ]  106.1MB/141.4MB
 6a9f4aede0a2 Downloading [=====================================>             ]  106.1MB/141.4MB
 165d1667e541 Downloading [=======>                                           ]  16.17MB/107.7MB
 165d1667e541 Downloading [=======>                                           ]  16.17MB/107.7MB
 6a9f4aede0a2 Downloading [=====================================>             ]  107.2MB/141.4MB
 6a9f4aede0a2 Downloading [=====================================>             ]  107.2MB/141.4MB
 f17c8f1adafb Extracting [==================================================>]  132.5MB/132.5MB
 0684c1d05451 Downloading [===============================>                   ]  71.76MB/114.8MB
 0684c1d05451 Downloading [===============================>                   ]  71.76MB/114.8MB
 6a9f4aede0a2 Downloading [======================================>            ]  108.3MB/141.4MB
 6a9f4aede0a2 Downloading [======================================>            ]  108.3MB/141.4MB
 165d1667e541 Downloading [=======>                                           ]  16.71MB/107.7MB
 165d1667e541 Downloading [=======>                                           ]  16.71MB/107.7MB
 f17c8f1adafb Pull complete 
 03954754c53a Extracting [==================================================>]     126B/126B
 03954754c53a Extracting [==================================================>]     126B/126B
 03954754c53a Pull complete 
 0684c1d05451 Downloading [===============================>                   ]  72.29MB/114.8MB
 0684c1d05451 Downloading [===============================>                   ]  72.29MB/114.8MB
 60493946972a Extracting [>                                                  ]  131.1kB/9.946MB
 60493946972a Extracting [===============>                                   ]  3.015MB/9.946MB
 6a9f4aede0a2 Downloading [======================================>            ]  109.4MB/141.4MB
 6a9f4aede0a2 Downloading [======================================>            ]  109.4MB/141.4MB
 165d1667e541 Downloading [========>                                          ]  17.25MB/107.7MB
 165d1667e541 Downloading [========>                                          ]  17.25MB/107.7MB
 0684c1d05451 Downloading [===============================>                   ]  72.83MB/114.8MB
 0684c1d05451 Downloading [===============================>                   ]  72.83MB/114.8MB
 60493946972a Extracting [==================================================>]  9.946MB/9.946MB
 60493946972a Extracting [==================================================>]  9.946MB/9.946MB
 60493946972a Pull complete 
 368ee3bc1dbb Extracting [==================================================>]   1.26kB/1.26kB
 368ee3bc1dbb Extracting [==================================================>]   1.26kB/1.26kB
 368ee3bc1dbb Pull complete 
 mail Pulled 
 6a9f4aede0a2 Downloading [=======================================>           ]  110.4MB/141.4MB
 6a9f4aede0a2 Downloading [=======================================>           ]  110.4MB/141.4MB
 0684c1d05451 Downloading [===============================>                   ]  73.37MB/114.8MB
 0684c1d05451 Downloading [===============================>                   ]  73.37MB/114.8MB
 165d1667e541 Downloading [========>                                          ]  17.79MB/107.7MB
 165d1667e541 Downloading [========>                                          ]  17.79MB/107.7MB
 0684c1d05451 Downloading [================================>                  ]  73.91MB/114.8MB
 0684c1d05451 Downloading [================================>                  ]  73.91MB/114.8MB
 6a9f4aede0a2 Downloading [=======================================>           ]  111.5MB/141.4MB
 6a9f4aede0a2 Downloading [=======================================>           ]  111.5MB/141.4MB
 165d1667e541 Downloading [========>                                          ]  18.33MB/107.7MB
 165d1667e541 Downloading [========>                                          ]  18.33MB/107.7MB
 0684c1d05451 Downloading [================================>                  ]  74.45MB/114.8MB
 0684c1d05451 Downloading [================================>                  ]  74.45MB/114.8MB
 165d1667e541 Downloading [========>                                          ]  18.87MB/107.7MB
 165d1667e541 Downloading [========>                                          ]  18.87MB/107.7MB
 0684c1d05451 Downloading [================================>                  ]  75.53MB/114.8MB
 0684c1d05451 Downloading [================================>                  ]  75.53MB/114.8MB
 165d1667e541 Downloading [=========>                                         ]  19.41MB/107.7MB
 165d1667e541 Downloading [=========>                                         ]  19.41MB/107.7MB
 6a9f4aede0a2 Downloading [=======================================>           ]    112MB/141.4MB
 6a9f4aede0a2 Downloading [=======================================>           ]    112MB/141.4MB
 0684c1d05451 Downloading [=================================>                 ]  76.06MB/114.8MB
 0684c1d05451 Downloading [=================================>                 ]  76.06MB/114.8MB
 165d1667e541 Downloading [=========>                                         ]  19.96MB/107.7MB
 165d1667e541 Downloading [=========>                                         ]  19.96MB/107.7MB
 6a9f4aede0a2 Downloading [=======================================>           ]  112.6MB/141.4MB
 6a9f4aede0a2 Downloading [=======================================>           ]  112.6MB/141.4MB
 0684c1d05451 Downloading [=================================>                 ]  76.61MB/114.8MB
 0684c1d05451 Downloading [=================================>                 ]  76.61MB/114.8MB
 165d1667e541 Downloading [=========>                                         ]   20.5MB/107.7MB
 165d1667e541 Downloading [=========>                                         ]   20.5MB/107.7MB
 0684c1d05451 Downloading [=================================>                 ]  77.68MB/114.8MB
 6a9f4aede0a2 Downloading [========================================>          ]  113.6MB/141.4MB
 0684c1d05451 Downloading [=================================>                 ]  77.68MB/114.8MB
 6a9f4aede0a2 Downloading [========================================>          ]  113.6MB/141.4MB
 165d1667e541 Downloading [==========>                                        ]  21.57MB/107.7MB
 165d1667e541 Downloading [==========>                                        ]  21.57MB/107.7MB
 0684c1d05451 Downloading [==================================>                ]  78.76MB/114.8MB
 0684c1d05451 Downloading [==================================>                ]  78.76MB/114.8MB
 6a9f4aede0a2 Downloading [========================================>          ]  114.7MB/141.4MB
 6a9f4aede0a2 Downloading [========================================>          ]  114.7MB/141.4MB
 6a9f4aede0a2 Downloading [========================================>          ]  115.8MB/141.4MB
 6a9f4aede0a2 Downloading [========================================>          ]  115.8MB/141.4MB
 165d1667e541 Downloading [==========>                                        ]  22.65MB/107.7MB
 165d1667e541 Downloading [==========>                                        ]  22.65MB/107.7MB
 0684c1d05451 Downloading [==================================>                ]  80.36MB/114.8MB
 0684c1d05451 Downloading [==================================>                ]  80.36MB/114.8MB
 6a9f4aede0a2 Downloading [=========================================>         ]  117.4MB/141.4MB
 6a9f4aede0a2 Downloading [=========================================>         ]  117.4MB/141.4MB
 165d1667e541 Downloading [==========>                                        ]  23.19MB/107.7MB
 165d1667e541 Downloading [==========>                                        ]  23.19MB/107.7MB
 0684c1d05451 Downloading [===================================>               ]  81.44MB/114.8MB
 0684c1d05451 Downloading [===================================>               ]  81.44MB/114.8MB
 6a9f4aede0a2 Downloading [==========================================>        ]    119MB/141.4MB
 6a9f4aede0a2 Downloading [==========================================>        ]    119MB/141.4MB
 165d1667e541 Downloading [===========>                                       ]  23.73MB/107.7MB
 165d1667e541 Downloading [===========>                                       ]  23.73MB/107.7MB
 0684c1d05451 Downloading [===================================>               ]  82.52MB/114.8MB
 0684c1d05451 Downloading [===================================>               ]  82.52MB/114.8MB
 6a9f4aede0a2 Downloading [==========================================>        ]  121.1MB/141.4MB
 6a9f4aede0a2 Downloading [==========================================>        ]  121.1MB/141.4MB
 165d1667e541 Downloading [===========>                                       ]  24.81MB/107.7MB
 165d1667e541 Downloading [===========>                                       ]  24.81MB/107.7MB
 0684c1d05451 Downloading [====================================>              ]  83.59MB/114.8MB
 0684c1d05451 Downloading [====================================>              ]  83.59MB/114.8MB
 6a9f4aede0a2 Downloading [===========================================>       ]  122.2MB/141.4MB
 6a9f4aede0a2 Downloading [===========================================>       ]  122.2MB/141.4MB
 165d1667e541 Downloading [===========>                                       ]  25.35MB/107.7MB
 165d1667e541 Downloading [===========>                                       ]  25.35MB/107.7MB
 6a9f4aede0a2 Downloading [===========================================>       ]  124.3MB/141.4MB
 6a9f4aede0a2 Downloading [===========================================>       ]  124.3MB/141.4MB
 0684c1d05451 Downloading [====================================>              ]  84.66MB/114.8MB
 0684c1d05451 Downloading [====================================>              ]  84.66MB/114.8MB
 165d1667e541 Downloading [============>                                      ]  25.89MB/107.7MB
 165d1667e541 Downloading [============>                                      ]  25.89MB/107.7MB
 6a9f4aede0a2 Downloading [============================================>      ]  125.9MB/141.4MB
 6a9f4aede0a2 Downloading [============================================>      ]  125.9MB/141.4MB
 0684c1d05451 Downloading [=====================================>             ]  85.73MB/114.8MB
 0684c1d05451 Downloading [=====================================>             ]  85.73MB/114.8MB
 165d1667e541 Downloading [============>                                      ]  26.97MB/107.7MB
 165d1667e541 Downloading [============>                                      ]  26.97MB/107.7MB
 6a9f4aede0a2 Downloading [=============================================>     ]  127.6MB/141.4MB
 6a9f4aede0a2 Downloading [=============================================>     ]  127.6MB/141.4MB
 0684c1d05451 Downloading [=====================================>             ]   86.8MB/114.8MB
 0684c1d05451 Downloading [=====================================>             ]   86.8MB/114.8MB
 6a9f4aede0a2 Downloading [=============================================>     ]  129.2MB/141.4MB
 6a9f4aede0a2 Downloading [=============================================>     ]  129.2MB/141.4MB
 165d1667e541 Downloading [=============>                                     ]  28.05MB/107.7MB
 165d1667e541 Downloading [=============>                                     ]  28.05MB/107.7MB
 0684c1d05451 Downloading [======================================>            ]  87.87MB/114.8MB
 0684c1d05451 Downloading [======================================>            ]  87.87MB/114.8MB
 6a9f4aede0a2 Downloading [==============================================>    ]  130.8MB/141.4MB
 6a9f4aede0a2 Downloading [==============================================>    ]  130.8MB/141.4MB
 165d1667e541 Downloading [=============>                                     ]  29.14MB/107.7MB
 165d1667e541 Downloading [=============>                                     ]  29.14MB/107.7MB
 6a9f4aede0a2 Downloading [==============================================>    ]  132.4MB/141.4MB
 6a9f4aede0a2 Downloading [==============================================>    ]  132.4MB/141.4MB
 0684c1d05451 Downloading [======================================>            ]  88.94MB/114.8MB
 0684c1d05451 Downloading [======================================>            ]  88.94MB/114.8MB
 6a9f4aede0a2 Downloading [===============================================>   ]    134MB/141.4MB
 6a9f4aede0a2 Downloading [===============================================>   ]    134MB/141.4MB
 0684c1d05451 Downloading [=======================================>           ]  90.01MB/114.8MB
 0684c1d05451 Downloading [=======================================>           ]  90.01MB/114.8MB
 165d1667e541 Downloading [==============>                                    ]  30.22MB/107.7MB
 165d1667e541 Downloading [==============>                                    ]  30.22MB/107.7MB
 6a9f4aede0a2 Downloading [===============================================>   ]  134.5MB/141.4MB
 6a9f4aede0a2 Downloading [===============================================>   ]  134.5MB/141.4MB
 0684c1d05451 Downloading [=======================================>           ]  90.54MB/114.8MB
 0684c1d05451 Downloading [=======================================>           ]  90.54MB/114.8MB
 6a9f4aede0a2 Downloading [===============================================>   ]    135MB/141.4MB
 6a9f4aede0a2 Downloading [===============================================>   ]    135MB/141.4MB
 165d1667e541 Downloading [==============>                                    ]  30.76MB/107.7MB
 165d1667e541 Downloading [==============>                                    ]  30.76MB/107.7MB
 6a9f4aede0a2 Downloading [================================================>  ]  136.1MB/141.4MB
 6a9f4aede0a2 Downloading [================================================>  ]  136.1MB/141.4MB
 0684c1d05451 Downloading [=======================================>           ]  91.08MB/114.8MB
 0684c1d05451 Downloading [=======================================>           ]  91.08MB/114.8MB
 6a9f4aede0a2 Downloading [================================================>  ]  136.7MB/141.4MB
 6a9f4aede0a2 Downloading [================================================>  ]  136.7MB/141.4MB
 0684c1d05451 Downloading [=======================================>           ]  91.61MB/114.8MB
 0684c1d05451 Downloading [=======================================>           ]  91.61MB/114.8MB
 165d1667e541 Downloading [==============>                                    ]   31.3MB/107.7MB
 165d1667e541 Downloading [==============>                                    ]   31.3MB/107.7MB
 6a9f4aede0a2 Downloading [================================================>  ]  137.7MB/141.4MB
 6a9f4aede0a2 Downloading [================================================>  ]  137.7MB/141.4MB
 0684c1d05451 Downloading [========================================>          ]  92.67MB/114.8MB
 0684c1d05451 Downloading [========================================>          ]  92.67MB/114.8MB
 6a9f4aede0a2 Downloading [=================================================> ]  138.8MB/141.4MB
 6a9f4aede0a2 Downloading [=================================================> ]  138.8MB/141.4MB
 165d1667e541 Downloading [===============>                                   ]  32.38MB/107.7MB
 165d1667e541 Downloading [===============>                                   ]  32.38MB/107.7MB
 0684c1d05451 Downloading [========================================>          ]  93.74MB/114.8MB
 165d1667e541 Downloading [===============>                                   ]  32.92MB/107.7MB
 0684c1d05451 Downloading [========================================>          ]  93.74MB/114.8MB
 165d1667e541 Downloading [===============>                                   ]  32.92MB/107.7MB
 6a9f4aede0a2 Downloading [=================================================> ]  140.4MB/141.4MB
 6a9f4aede0a2 Downloading [=================================================> ]  140.4MB/141.4MB
 6a9f4aede0a2 Download complete 
 6a9f4aede0a2 Verifying Checksum 
 6a9f4aede0a2 Download complete 
 0684c1d05451 Downloading [=========================================>         ]   94.8MB/114.8MB
 0684c1d05451 Downloading [=========================================>         ]   94.8MB/114.8MB
 165d1667e541 Downloading [===============>                                   ]     34MB/107.7MB
 165d1667e541 Downloading [===============>                                   ]     34MB/107.7MB
 6a9f4aede0a2 Extracting [>                                                  ]  557.1kB/141.4MB
 6a9f4aede0a2 Extracting [>                                                  ]  557.1kB/141.4MB
 0684c1d05451 Downloading [=========================================>         ]  95.88MB/114.8MB
 0684c1d05451 Downloading [=========================================>         ]  95.88MB/114.8MB
 6a9f4aede0a2 Extracting [=>                                                 ]  3.899MB/141.4MB
 6a9f4aede0a2 Extracting [=>                                                 ]  3.899MB/141.4MB
 165d1667e541 Downloading [================>                                  ]  35.08MB/107.7MB
 165d1667e541 Downloading [================>                                  ]  35.08MB/107.7MB
 0684c1d05451 Downloading [==========================================>        ]  96.95MB/114.8MB
 0684c1d05451 Downloading [==========================================>        ]  96.95MB/114.8MB
 6a9f4aede0a2 Extracting [==>                                                ]  7.799MB/141.4MB
 6a9f4aede0a2 Extracting [==>                                                ]  7.799MB/141.4MB
 0684c1d05451 Downloading [==========================================>        ]  98.01MB/114.8MB
 0684c1d05451 Downloading [==========================================>        ]  98.01MB/114.8MB
 6a9f4aede0a2 Extracting [====>                                              ]  13.37MB/141.4MB
 6a9f4aede0a2 Extracting [====>                                              ]  13.37MB/141.4MB
 165d1667e541 Downloading [================>                                  ]  36.16MB/107.7MB
 165d1667e541 Downloading [================>                                  ]  36.16MB/107.7MB
 0684c1d05451 Downloading [===========================================>       ]  99.08MB/114.8MB
 0684c1d05451 Downloading [===========================================>       ]  99.08MB/114.8MB
 6a9f4aede0a2 Extracting [=====>                                             ]  15.04MB/141.4MB
 6a9f4aede0a2 Extracting [=====>                                             ]  15.04MB/141.4MB
 165d1667e541 Downloading [=================>                                 ]  37.25MB/107.7MB
 165d1667e541 Downloading [=================>                                 ]  37.25MB/107.7MB
 0684c1d05451 Downloading [===========================================>       ]  100.1MB/114.8MB
 0684c1d05451 Downloading [===========================================>       ]  100.1MB/114.8MB
 6a9f4aede0a2 Extracting [=======>                                           ]  21.73MB/141.4MB
 6a9f4aede0a2 Extracting [=======>                                           ]  21.73MB/141.4MB
 165d1667e541 Downloading [=================>                                 ]  37.79MB/107.7MB
 165d1667e541 Downloading [=================>                                 ]  37.79MB/107.7MB
 0684c1d05451 Downloading [============================================>      ]  101.2MB/114.8MB
 0684c1d05451 Downloading [============================================>      ]  101.2MB/114.8MB
 6a9f4aede0a2 Extracting [=========>                                         ]  27.85MB/141.4MB
 6a9f4aede0a2 Extracting [=========>                                         ]  27.85MB/141.4MB
 4f4fb700ef54 Downloading [==================================================>]      32B/32B
 4f4fb700ef54 Downloading [==================================================>]      32B/32B
 4f4fb700ef54 Verifying Checksum 
 4f4fb700ef54 Download complete 
 4f4fb700ef54 Verifying Checksum 
 4f4fb700ef54 Download complete 
 6a9f4aede0a2 Extracting [============>                                      ]  33.98MB/141.4MB
 6a9f4aede0a2 Extracting [============>                                      ]  33.98MB/141.4MB
 165d1667e541 Downloading [==================>                                ]  38.87MB/107.7MB
 165d1667e541 Downloading [==================>                                ]  38.87MB/107.7MB
 0684c1d05451 Downloading [============================================>      ]  102.3MB/114.8MB
 0684c1d05451 Downloading [============================================>      ]  102.3MB/114.8MB
 6a9f4aede0a2 Extracting [=============>                                     ]  39.55MB/141.4MB
 6a9f4aede0a2 Extracting [=============>                                     ]  39.55MB/141.4MB
 0684c1d05451 Downloading [=============================================>     ]  103.4MB/114.8MB
 0684c1d05451 Downloading [=============================================>     ]  103.4MB/114.8MB
 165d1667e541 Downloading [==================>                                ]  39.95MB/107.7MB
 165d1667e541 Downloading [==================>                                ]  39.95MB/107.7MB
 6a9f4aede0a2 Extracting [===============>                                   ]  45.12MB/141.4MB
 6a9f4aede0a2 Extracting [===============>                                   ]  45.12MB/141.4MB
 6a9f4aede0a2 Extracting [================>                                  ]  47.91MB/141.4MB
 6a9f4aede0a2 Extracting [================>                                  ]  47.91MB/141.4MB
 0684c1d05451 Downloading [=============================================>     ]  104.4MB/114.8MB
 0684c1d05451 Downloading [=============================================>     ]  104.4MB/114.8MB
 165d1667e541 Downloading [===================>                               ]  41.02MB/107.7MB
 165d1667e541 Downloading [===================>                               ]  41.02MB/107.7MB
 6a9f4aede0a2 Extracting [===================>                               ]  54.03MB/141.4MB
 6a9f4aede0a2 Extracting [===================>                               ]  54.03MB/141.4MB
 0684c1d05451 Downloading [=============================================>     ]  105.5MB/114.8MB
 0684c1d05451 Downloading [=============================================>     ]  105.5MB/114.8MB
 6a9f4aede0a2 Extracting [=====================>                             ]  60.72MB/141.4MB
 6a9f4aede0a2 Extracting [=====================>                             ]  60.72MB/141.4MB
 165d1667e541 Downloading [===================>                               ]  42.11MB/107.7MB
 165d1667e541 Downloading [===================>                               ]  42.11MB/107.7MB
 6a9f4aede0a2 Extracting [========================>                          ]  70.19MB/141.4MB
 6a9f4aede0a2 Extracting [========================>                          ]  70.19MB/141.4MB
 0684c1d05451 Downloading [==============================================>    ]  106.6MB/114.8MB
 0684c1d05451 Downloading [==============================================>    ]  106.6MB/114.8MB
 165d1667e541 Downloading [====================>                              ]  43.19MB/107.7MB
 165d1667e541 Downloading [====================>                              ]  43.19MB/107.7MB
 6a9f4aede0a2 Extracting [===========================>                       ]  78.54MB/141.4MB
 6a9f4aede0a2 Extracting [===========================>                       ]  78.54MB/141.4MB
 0684c1d05451 Downloading [==============================================>    ]  107.1MB/114.8MB
 0684c1d05451 Downloading [==============================================>    ]  107.1MB/114.8MB
 165d1667e541 Downloading [====================>                              ]  43.73MB/107.7MB
 165d1667e541 Downloading [====================>                              ]  43.73MB/107.7MB
 6a9f4aede0a2 Extracting [===============================>                   ]  88.01MB/141.4MB
 6a9f4aede0a2 Extracting [===============================>                   ]  88.01MB/141.4MB
 6a9f4aede0a2 Extracting [=================================>                 ]  95.81MB/141.4MB
 6a9f4aede0a2 Extracting [=================================>                 ]  95.81MB/141.4MB
 0684c1d05451 Downloading [===============================================>   ]  108.2MB/114.8MB
 0684c1d05451 Downloading [===============================================>   ]  108.2MB/114.8MB
 165d1667e541 Downloading [====================>                              ]  44.81MB/107.7MB
 165d1667e541 Downloading [====================>                              ]  44.81MB/107.7MB
 6a9f4aede0a2 Extracting [====================================>              ]  102.5MB/141.4MB
 6a9f4aede0a2 Extracting [====================================>              ]  102.5MB/141.4MB
 165d1667e541 Downloading [=====================>                             ]  45.88MB/107.7MB
 165d1667e541 Downloading [=====================>                             ]  45.88MB/107.7MB
 6a9f4aede0a2 Extracting [======================================>            ]  109.2MB/141.4MB
 6a9f4aede0a2 Extracting [======================================>            ]  109.2MB/141.4MB
 0684c1d05451 Downloading [===============================================>   ]  109.3MB/114.8MB
 0684c1d05451 Downloading [===============================================>   ]  109.3MB/114.8MB
 6a9f4aede0a2 Extracting [========================================>          ]  113.1MB/141.4MB
 6a9f4aede0a2 Extracting [========================================>          ]  113.1MB/141.4MB
 165d1667e541 Downloading [=====================>                             ]  46.95MB/107.7MB
 165d1667e541 Downloading [=====================>                             ]  46.95MB/107.7MB
 0684c1d05451 Downloading [================================================>  ]  110.3MB/114.8MB
 0684c1d05451 Downloading [================================================>  ]  110.3MB/114.8MB
 6a9f4aede0a2 Extracting [=========================================>         ]  118.7MB/141.4MB
 6a9f4aede0a2 Extracting [=========================================>         ]  118.7MB/141.4MB
 165d1667e541 Downloading [======================>                            ]  48.01MB/107.7MB
 165d1667e541 Downloading [======================>                            ]  48.01MB/107.7MB
 6a9f4aede0a2 Extracting [===========================================>       ]  123.1MB/141.4MB
 6a9f4aede0a2 Extracting [===========================================>       ]  123.1MB/141.4MB
 0684c1d05451 Downloading [================================================>  ]  111.4MB/114.8MB
 165d1667e541 Downloading [======================>                            ]  48.54MB/107.7MB
 165d1667e541 Downloading [======================>                            ]  48.54MB/107.7MB
 0684c1d05451 Downloading [================================================>  ]  111.4MB/114.8MB
 6a9f4aede0a2 Extracting [=============================================>     ]  128.7MB/141.4MB
 6a9f4aede0a2 Extracting [=============================================>     ]  128.7MB/141.4MB
 165d1667e541 Downloading [=======================>                           ]  49.61MB/107.7MB
 165d1667e541 Downloading [=======================>                           ]  49.61MB/107.7MB
 0684c1d05451 Downloading [================================================>  ]  112.5MB/114.8MB
 0684c1d05451 Downloading [================================================>  ]  112.5MB/114.8MB
 6a9f4aede0a2 Extracting [===============================================>   ]  133.7MB/141.4MB
 6a9f4aede0a2 Extracting [===============================================>   ]  133.7MB/141.4MB
 165d1667e541 Downloading [=======================>                           ]  50.69MB/107.7MB
 165d1667e541 Downloading [=======================>                           ]  50.69MB/107.7MB
 0684c1d05451 Downloading [=================================================> ]  113.6MB/114.8MB
 0684c1d05451 Downloading [=================================================> ]  113.6MB/114.8MB
 552cc56a2dea Downloading [>                                                  ]  78.83kB/7.342MB
 6a9f4aede0a2 Extracting [================================================>  ]    137MB/141.4MB
 6a9f4aede0a2 Extracting [================================================>  ]    137MB/141.4MB
 0684c1d05451 Downloading [=================================================> ]  114.1MB/114.8MB
 0684c1d05451 Downloading [=================================================> ]  114.1MB/114.8MB
 165d1667e541 Downloading [========================>                          ]  51.76MB/107.7MB
 165d1667e541 Downloading [========================>                          ]  51.76MB/107.7MB
 6a9f4aede0a2 Extracting [==================================================>]  141.4MB/141.4MB
 6a9f4aede0a2 Extracting [==================================================>]  141.4MB/141.4MB
 552cc56a2dea Downloading [=>                                                 ]  243.4kB/7.342MB
 6a9f4aede0a2 Pull complete 
 0684c1d05451 Verifying Checksum 
 0684c1d05451 Verifying Checksum 
 6a9f4aede0a2 Pull complete 
 0684c1d05451 Download complete 
 0684c1d05451 Download complete 
 165d1667e541 Downloading [========================>                          ]  52.84MB/107.7MB
 165d1667e541 Downloading [========================>                          ]  52.84MB/107.7MB
 0684c1d05451 Extracting [>                                                  ]  557.1kB/114.8MB
 0684c1d05451 Extracting [>                                                  ]  557.1kB/114.8MB
 552cc56a2dea Downloading [==>                                                ]  409.2kB/7.342MB
 165d1667e541 Downloading [=========================>                         ]  53.92MB/107.7MB
 165d1667e541 Downloading [=========================>                         ]  53.92MB/107.7MB
 0684c1d05451 Extracting [==>                                                ]  6.128MB/114.8MB
 0684c1d05451 Extracting [==>                                                ]  6.128MB/114.8MB
 0684c1d05451 Extracting [====>                                              ]  10.58MB/114.8MB
 0684c1d05451 Extracting [====>                                              ]  10.58MB/114.8MB
 165d1667e541 Downloading [=========================>                         ]     55MB/107.7MB
 165d1667e541 Downloading [=========================>                         ]     55MB/107.7MB
 552cc56a2dea Downloading [=====>                                             ]  827.4kB/7.342MB
 0684c1d05451 Extracting [=======>                                           ]  17.27MB/114.8MB
 0684c1d05451 Extracting [=======>                                           ]  17.27MB/114.8MB
 165d1667e541 Downloading [==========================>                        ]  56.08MB/107.7MB
 165d1667e541 Downloading [==========================>                        ]  56.08MB/107.7MB
 0684c1d05451 Extracting [==========>                                        ]   23.4MB/114.8MB
 0684c1d05451 Extracting [==========>                                        ]   23.4MB/114.8MB
 552cc56a2dea Downloading [===========>                                       ]  1.656MB/7.342MB
 165d1667e541 Downloading [==========================>                        ]  57.16MB/107.7MB
 165d1667e541 Downloading [==========================>                        ]  57.16MB/107.7MB
 0684c1d05451 Extracting [============>                                      ]  28.97MB/114.8MB
 0684c1d05451 Extracting [============>                                      ]  28.97MB/114.8MB
 165d1667e541 Downloading [===========================>                       ]  58.77MB/107.7MB
 165d1667e541 Downloading [===========================>                       ]  58.77MB/107.7MB
 552cc56a2dea Downloading [======================>                            ]   3.29MB/7.342MB
 0684c1d05451 Extracting [===============>                                   ]  35.09MB/114.8MB
 0684c1d05451 Extracting [===============>                                   ]  35.09MB/114.8MB
 552cc56a2dea Downloading [=================================>                 ]  4.918MB/7.342MB
 0684c1d05451 Extracting [=================>                                 ]  40.67MB/114.8MB
 0684c1d05451 Extracting [=================>                                 ]  40.67MB/114.8MB
 165d1667e541 Downloading [============================>                      ]  60.39MB/107.7MB
 165d1667e541 Downloading [============================>                      ]  60.39MB/107.7MB
 0684c1d05451 Extracting [===================>                               ]  44.56MB/114.8MB
 0684c1d05451 Extracting [===================>                               ]  44.56MB/114.8MB
 552cc56a2dea Downloading [=============================================>     ]  6.719MB/7.342MB
 552cc56a2dea Verifying Checksum 
 552cc56a2dea Download complete 
 165d1667e541 Downloading [=============================>                     ]  62.55MB/107.7MB
 165d1667e541 Downloading [=============================>                     ]  62.55MB/107.7MB
 0684c1d05451 Extracting [=====================>                             ]  49.58MB/114.8MB
 0684c1d05451 Extracting [=====================>                             ]  49.58MB/114.8MB
 165d1667e541 Downloading [=============================>                     ]  64.13MB/107.7MB
 165d1667e541 Downloading [=============================>                     ]  64.13MB/107.7MB
 0684c1d05451 Extracting [=======================>                           ]  54.03MB/114.8MB
 0684c1d05451 Extracting [=======================>                           ]  54.03MB/114.8MB
 165d1667e541 Downloading [==============================>                    ]  65.74MB/107.7MB
 165d1667e541 Downloading [==============================>                    ]  65.74MB/107.7MB
 0684c1d05451 Extracting [=========================>                         ]  57.93MB/114.8MB
 0684c1d05451 Extracting [=========================>                         ]  57.93MB/114.8MB
 165d1667e541 Downloading [===============================>                   ]  66.82MB/107.7MB
 165d1667e541 Downloading [===============================>                   ]  66.82MB/107.7MB
 0684c1d05451 Extracting [===========================>                       ]  62.39MB/114.8MB
 0684c1d05451 Extracting [===========================>                       ]  62.39MB/114.8MB
 165d1667e541 Downloading [================================>                  ]  68.94MB/107.7MB
 165d1667e541 Downloading [================================>                  ]  68.94MB/107.7MB
 0684c1d05451 Extracting [============================>                      ]  66.29MB/114.8MB
 0684c1d05451 Extracting [============================>                      ]  66.29MB/114.8MB
 165d1667e541 Downloading [================================>                  ]  70.55MB/107.7MB
 165d1667e541 Downloading [================================>                  ]  70.55MB/107.7MB
 0684c1d05451 Extracting [===============================>                   ]   71.3MB/114.8MB
 0684c1d05451 Extracting [===============================>                   ]   71.3MB/114.8MB
 165d1667e541 Downloading [=================================>                 ]  72.16MB/107.7MB
 165d1667e541 Downloading [=================================>                 ]  72.16MB/107.7MB
 0684c1d05451 Extracting [=================================>                 ]  77.99MB/114.8MB
 0684c1d05451 Extracting [=================================>                 ]  77.99MB/114.8MB
 4ba98b9134b3 Downloading [>                                                  ]  33.27kB/2.614MB
 165d1667e541 Downloading [==================================>                ]  73.77MB/107.7MB
 165d1667e541 Downloading [==================================>                ]  73.77MB/107.7MB
 0684c1d05451 Extracting [====================================>              ]  84.12MB/114.8MB
 0684c1d05451 Extracting [====================================>              ]  84.12MB/114.8MB
 165d1667e541 Downloading [===================================>               ]  75.39MB/107.7MB
 165d1667e541 Downloading [===================================>               ]  75.39MB/107.7MB
 0684c1d05451 Extracting [======================================>            ]  88.57MB/114.8MB
 0684c1d05451 Extracting [======================================>            ]  88.57MB/114.8MB
 4ba98b9134b3 Downloading [=>                                                 ]  103.6kB/2.614MB
 0684c1d05451 Extracting [========================================>          ]  93.03MB/114.8MB
 0684c1d05451 Extracting [========================================>          ]  93.03MB/114.8MB
 165d1667e541 Downloading [===================================>               ]     77MB/107.7MB
 165d1667e541 Downloading [===================================>               ]     77MB/107.7MB
 4ba98b9134b3 Downloading [===>                                               ]  208.1kB/2.614MB
 0684c1d05451 Extracting [==========================================>        ]  96.93MB/114.8MB
 0684c1d05451 Extracting [==========================================>        ]  96.93MB/114.8MB
 165d1667e541 Downloading [====================================>              ]  78.61MB/107.7MB
 165d1667e541 Downloading [====================================>              ]  78.61MB/107.7MB
 0684c1d05451 Extracting [============================================>      ]  101.9MB/114.8MB
 0684c1d05451 Extracting [============================================>      ]  101.9MB/114.8MB
 165d1667e541 Downloading [=====================================>             ]   80.2MB/107.7MB
 165d1667e541 Downloading [=====================================>             ]   80.2MB/107.7MB
 4ba98b9134b3 Downloading [=======>                                           ]  399.5kB/2.614MB
 0684c1d05451 Extracting [=============================================>     ]  104.2MB/114.8MB
 0684c1d05451 Extracting [=============================================>     ]  104.2MB/114.8MB
 165d1667e541 Downloading [=====================================>             ]  81.81MB/107.7MB
 165d1667e541 Downloading [=====================================>             ]  81.81MB/107.7MB
 25a139939c13 Downloading [===============================>                   ]  3.544kB/5.61kB
 25a139939c13 Downloading [==================================================>]   5.61kB/5.61kB
 25a139939c13 Verifying Checksum 
 25a139939c13 Download complete 
 4ba98b9134b3 Downloading [===============>                                   ]  817.3kB/2.614MB
 165d1667e541 Downloading [======================================>            ]  82.88MB/107.7MB
 165d1667e541 Downloading [======================================>            ]  82.88MB/107.7MB
 165d1667e541 Downloading [=======================================>           ]  84.49MB/107.7MB
 165d1667e541 Downloading [=======================================>           ]  84.49MB/107.7MB
 0684c1d05451 Extracting [=============================================>     ]  105.3MB/114.8MB
 0684c1d05451 Extracting [=============================================>     ]  105.3MB/114.8MB
 4ba98b9134b3 Downloading [===============================>                   ]  1.628MB/2.614MB
 4ba98b9134b3 Downloading [==================================================>]  2.614MB/2.614MB
 4ba98b9134b3 Verifying Checksum 
 4ba98b9134b3 Download complete 
 165d1667e541 Downloading [=======================================>           ]  85.57MB/107.7MB
 165d1667e541 Downloading [=======================================>           ]  85.57MB/107.7MB
 0684c1d05451 Extracting [===============================================>   ]  109.2MB/114.8MB
 0684c1d05451 Extracting [===============================================>   ]  109.2MB/114.8MB
 165d1667e541 Downloading [========================================>          ]  87.73MB/107.7MB
 165d1667e541 Downloading [========================================>          ]  87.73MB/107.7MB
 0684c1d05451 Extracting [================================================>  ]  110.3MB/114.8MB
 0684c1d05451 Extracting [================================================>  ]  110.3MB/114.8MB
 165d1667e541 Downloading [=========================================>         ]  89.32MB/107.7MB
 165d1667e541 Downloading [=========================================>         ]  89.32MB/107.7MB
 0684c1d05451 Extracting [=================================================> ]  114.8MB/114.8MB
 0684c1d05451 Extracting [=================================================> ]  114.8MB/114.8MB
 0684c1d05451 Extracting [==================================================>]  114.8MB/114.8MB
 0684c1d05451 Extracting [==================================================>]  114.8MB/114.8MB
 0684c1d05451 Pull complete 
 0684c1d05451 Pull complete 
 165d1667e541 Downloading [==========================================>        ]  90.94MB/107.7MB
 165d1667e541 Downloading [==========================================>        ]  90.94MB/107.7MB
 165d1667e541 Downloading [==========================================>        ]  92.55MB/107.7MB
 165d1667e541 Downloading [==========================================>        ]  92.55MB/107.7MB
 165d1667e541 Downloading [===========================================>       ]  94.15MB/107.7MB
 165d1667e541 Downloading [===========================================>       ]  94.15MB/107.7MB
 165d1667e541 Downloading [============================================>      ]  95.74MB/107.7MB
 165d1667e541 Downloading [============================================>      ]  95.74MB/107.7MB
 165d1667e541 Downloading [=============================================>     ]  97.34MB/107.7MB
 165d1667e541 Downloading [=============================================>     ]  97.34MB/107.7MB
 165d1667e541 Downloading [=============================================>     ]  98.95MB/107.7MB
 165d1667e541 Downloading [=============================================>     ]  98.95MB/107.7MB
 165d1667e541 Downloading [==============================================>    ]  101.1MB/107.7MB
 165d1667e541 Downloading [==============================================>    ]  101.1MB/107.7MB
 165d1667e541 Downloading [===============================================>   ]  102.7MB/107.7MB
 165d1667e541 Downloading [===============================================>   ]  102.7MB/107.7MB
 165d1667e541 Downloading [================================================>  ]  104.3MB/107.7MB
 165d1667e541 Downloading [================================================>  ]  104.3MB/107.7MB
 165d1667e541 Downloading [=================================================> ]  105.9MB/107.7MB
 165d1667e541 Downloading [=================================================> ]  105.9MB/107.7MB
 165d1667e541 Downloading [=================================================> ]  107.5MB/107.7MB
 165d1667e541 Downloading [=================================================> ]  107.5MB/107.7MB
 165d1667e541 Verifying Checksum 
 165d1667e541 Download complete 
 165d1667e541 Download complete 
 165d1667e541 Extracting [>                                                  ]  557.1kB/107.7MB
 165d1667e541 Extracting [>                                                  ]  557.1kB/107.7MB
 165d1667e541 Extracting [>                                                  ]  1.114MB/107.7MB
 165d1667e541 Extracting [>                                                  ]  1.114MB/107.7MB
 165d1667e541 Extracting [>                                                  ]  1.671MB/107.7MB
 165d1667e541 Extracting [>                                                  ]  1.671MB/107.7MB
 165d1667e541 Extracting [=>                                                 ]  3.899MB/107.7MB
 165d1667e541 Extracting [=>                                                 ]  3.899MB/107.7MB
 ecccfa7c1f25 Downloading [>                                                  ]    535kB/60.39MB
 165d1667e541 Extracting [==>                                                ]  5.571MB/107.7MB
 165d1667e541 Extracting [==>                                                ]  5.571MB/107.7MB
 ecccfa7c1f25 Downloading [>                                                  ]  1.074MB/60.39MB
 1f3e46996e29 Downloading [>                                                  ]  48.54kB/3.642MB
 165d1667e541 Extracting [==>                                                ]  6.128MB/107.7MB
 165d1667e541 Extracting [==>                                                ]  6.128MB/107.7MB
 1f3e46996e29 Downloading [==============================>                    ]  2.211MB/3.642MB
 165d1667e541 Extracting [===>                                               ]  7.242MB/107.7MB
 165d1667e541 Extracting [===>                                               ]  7.242MB/107.7MB
 165d1667e541 Extracting [===>                                               ]  7.799MB/107.7MB
 165d1667e541 Extracting [===>                                               ]  7.799MB/107.7MB
 1f3e46996e29 Downloading [=============================================>     ]  3.293MB/3.642MB
 ecccfa7c1f25 Downloading [=>                                                 ]  2.134MB/60.39MB
 1f3e46996e29 Verifying Checksum 
 1f3e46996e29 Download complete 
 1f3e46996e29 Extracting [>                                                  ]  65.54kB/3.642MB
 1f3e46996e29 Extracting [====================>                              ]  1.507MB/3.642MB
 ecccfa7c1f25 Downloading [===>                                               ]  4.824MB/60.39MB
 774b2d361f54 Downloading [==================================================>]     281B/281B
 774b2d361f54 Verifying Checksum 
 774b2d361f54 Download complete 
 1f3e46996e29 Extracting [==================================================>]  3.642MB/3.642MB
 1f3e46996e29 Extracting [==================================================>]  3.642MB/3.642MB
 1f3e46996e29 Pull complete 
 165d1667e541 Extracting [====>                                              ]  10.58MB/107.7MB
 165d1667e541 Extracting [====>                                              ]  10.58MB/107.7MB
 ecccfa7c1f25 Downloading [=====>                                             ]  6.432MB/60.39MB
 165d1667e541 Extracting [=====>                                             ]  11.14MB/107.7MB
 165d1667e541 Extracting [=====>                                             ]  11.14MB/107.7MB
 ecccfa7c1f25 Downloading [======>                                            ]   8.04MB/60.39MB
 165d1667e541 Extracting [=====>                                             ]   11.7MB/107.7MB
 165d1667e541 Extracting [=====>                                             ]   11.7MB/107.7MB
 ecccfa7c1f25 Downloading [=======>                                           ]  9.646MB/60.39MB
 165d1667e541 Extracting [=====>                                             ]  12.26MB/107.7MB
 165d1667e541 Extracting [=====>                                             ]  12.26MB/107.7MB
 ecccfa7c1f25 Downloading [=========>                                         ]  11.25MB/60.39MB
 ecccfa7c1f25 Downloading [==========>                                        ]  12.32MB/60.39MB
 165d1667e541 Extracting [=====>                                             ]  12.81MB/107.7MB
 165d1667e541 Extracting [=====>                                             ]  12.81MB/107.7MB
 ecccfa7c1f25 Downloading [===========>                                       ]  13.94MB/60.39MB
 1ddaf56854cd Downloading [==================================================>]     982B/982B
 1ddaf56854cd Verifying Checksum 
 1ddaf56854cd Download complete 
 1ddaf56854cd Extracting [==================================================>]     982B/982B
 1ddaf56854cd Extracting [==================================================>]     982B/982B
 1ddaf56854cd Pull complete 
 3cf4f77660fd Downloading [>                                                  ]  15.77kB/1.12MB
 ecccfa7c1f25 Downloading [============>                                      ]  15.53MB/60.39MB
 ecccfa7c1f25 Downloading [=============>                                     ]  16.61MB/60.39MB
 3cf4f77660fd Downloading [==========>                                        ]  225.7kB/1.12MB
 165d1667e541 Extracting [======>                                            ]  13.37MB/107.7MB
 165d1667e541 Extracting [======>                                            ]  13.37MB/107.7MB
 3cf4f77660fd Downloading [=============================>                     ]    667kB/1.12MB
 ecccfa7c1f25 Downloading [===============>                                   ]  18.23MB/60.39MB
 3cf4f77660fd Verifying Checksum 
 3cf4f77660fd Download complete 
 3cf4f77660fd Extracting [=>                                                 ]  32.77kB/1.12MB
 ecccfa7c1f25 Downloading [================>                                  ]  19.84MB/60.39MB
 3cf4f77660fd Extracting [==================================================>]   1.12MB/1.12MB
 3cf4f77660fd Pull complete 
 ecccfa7c1f25 Downloading [=================>                                 ]  20.91MB/60.39MB
 165d1667e541 Extracting [======>                                            ]  13.93MB/107.7MB
 165d1667e541 Extracting [======>                                            ]  13.93MB/107.7MB
 ecccfa7c1f25 Downloading [==================>                                ]  22.51MB/60.39MB
 165d1667e541 Extracting [======>                                            ]  14.48MB/107.7MB
 165d1667e541 Extracting [======>                                            ]  14.48MB/107.7MB
 ecccfa7c1f25 Downloading [===================>                               ]  24.13MB/60.39MB
 ecccfa7c1f25 Downloading [=====================>                             ]  25.72MB/60.39MB
 165d1667e541 Extracting [=========>                                         ]  20.61MB/107.7MB
 165d1667e541 Extracting [=========>                                         ]  20.61MB/107.7MB
 ecccfa7c1f25 Downloading [======================>                            ]  27.33MB/60.39MB
 165d1667e541 Extracting [=========>                                         ]  21.17MB/107.7MB
 165d1667e541 Extracting [=========>                                         ]  21.17MB/107.7MB
 ecccfa7c1f25 Downloading [=======================>                           ]   28.9MB/60.39MB
 165d1667e541 Extracting [==========>                                        ]  21.73MB/107.7MB
 165d1667e541 Extracting [==========>                                        ]  21.73MB/107.7MB
 ecccfa7c1f25 Downloading [=========================>                         ]  30.51MB/60.39MB
 d6eaa17dfd6a Downloading [>                                                  ]  526.3kB/105.8MB
 ecccfa7c1f25 Downloading [=========================>                         ]  31.05MB/60.39MB
 165d1667e541 Extracting [==========>                                        ]  22.28MB/107.7MB
 165d1667e541 Extracting [==========>                                        ]  22.28MB/107.7MB
 ecccfa7c1f25 Downloading [==========================>                        ]  32.13MB/60.39MB
 d6eaa17dfd6a Downloading [>                                                  ]   1.59MB/105.8MB
 165d1667e541 Extracting [==========>                                        ]  22.84MB/107.7MB
 165d1667e541 Extracting [==========>                                        ]  22.84MB/107.7MB
 ecccfa7c1f25 Downloading [===========================>                       ]  33.21MB/60.39MB
 f562efc34463 Download complete 
 f562efc34463 Extracting [==================================================>]     116B/116B
 f562efc34463 Extracting [==================================================>]     116B/116B
 f562efc34463 Pull complete 
 165d1667e541 Extracting [============>                                      ]  26.74MB/107.7MB
 165d1667e541 Extracting [============>                                      ]  26.74MB/107.7MB
 d6eaa17dfd6a Downloading [=>                                                 ]  2.655MB/105.8MB
 ecccfa7c1f25 Downloading [============================>                      ]  34.28MB/60.39MB
 165d1667e541 Extracting [==================>                                ]  39.55MB/107.7MB
 165d1667e541 Extracting [==================>                                ]  39.55MB/107.7MB
 d6eaa17dfd6a Downloading [=>                                                 ]  3.196MB/105.8MB
 ecccfa7c1f25 Downloading [=============================>                     ]  35.34MB/60.39MB
 165d1667e541 Extracting [====================>                              ]  44.01MB/107.7MB
 165d1667e541 Extracting [====================>                              ]  44.01MB/107.7MB
 d6eaa17dfd6a Downloading [==>                                                ]  4.277MB/105.8MB
 ecccfa7c1f25 Downloading [==============================>                    ]  36.42MB/60.39MB
 d6eaa17dfd6a Downloading [==>                                                ]  5.358MB/105.8MB
 ecccfa7c1f25 Downloading [===============================>                   ]  37.49MB/60.39MB
 d6eaa17dfd6a Downloading [==>                                                ]  5.889MB/105.8MB
 ecccfa7c1f25 Downloading [===============================>                   ]  38.55MB/60.39MB
 d6eaa17dfd6a Downloading [===>                                               ]   6.97MB/105.8MB
 165d1667e541 Extracting [====================>                              ]  45.12MB/107.7MB
 165d1667e541 Extracting [====================>                              ]  45.12MB/107.7MB
 fdcefadb5bb3 Downloading [=================>                                 ]  3.532kB/9.883kB
 fdcefadb5bb3 Downloading [==================================================>]  9.883kB/9.883kB
 fdcefadb5bb3 Verifying Checksum 
 fdcefadb5bb3 Download complete 
 ecccfa7c1f25 Downloading [================================>                  ]  39.63MB/60.39MB
 d6eaa17dfd6a Downloading [===>                                               ]  8.036MB/105.8MB
 ecccfa7c1f25 Downloading [=================================>                 ]   40.7MB/60.39MB
 d6eaa17dfd6a Downloading [====>                                              ]  8.577MB/105.8MB
 ecccfa7c1f25 Downloading [==================================>                ]  41.76MB/60.39MB
 d6eaa17dfd6a Downloading [====>                                              ]  9.117MB/105.8MB
 165d1667e541 Extracting [=====================>                             ]  45.68MB/107.7MB
 165d1667e541 Extracting [=====================>                             ]  45.68MB/107.7MB
 ecccfa7c1f25 Downloading [===================================>               ]   42.3MB/60.39MB
 d6eaa17dfd6a Downloading [====>                                              ]   10.2MB/105.8MB
 ecccfa7c1f25 Downloading [====================================>              ]  43.93MB/60.39MB
 d6eaa17dfd6a Downloading [=====>                                             ]  10.74MB/105.8MB
 165d1667e541 Extracting [=====================>                             ]  46.24MB/107.7MB
 165d1667e541 Extracting [=====================>                             ]  46.24MB/107.7MB
 ecccfa7c1f25 Downloading [=====================================>             ]  44.99MB/60.39MB
 d6eaa17dfd6a Downloading [=====>                                             ]  11.28MB/105.8MB
 165d1667e541 Extracting [=========================>                         ]  54.03MB/107.7MB
 165d1667e541 Extracting [=========================>                         ]  54.03MB/107.7MB
 ecccfa7c1f25 Downloading [======================================>            ]  46.06MB/60.39MB
 badd2a25d9ca Downloading [==================================================>]     128B/128B
 badd2a25d9ca Verifying Checksum 
 badd2a25d9ca Download complete 
 165d1667e541 Extracting [=============================>                     ]   63.5MB/107.7MB
 165d1667e541 Extracting [=============================>                     ]   63.5MB/107.7MB
 ecccfa7c1f25 Downloading [=======================================>           ]  47.14MB/60.39MB
 d6eaa17dfd6a Downloading [=====>                                             ]  12.35MB/105.8MB
 165d1667e541 Extracting [===============================>                   ]  67.96MB/107.7MB
 165d1667e541 Extracting [===============================>                   ]  67.96MB/107.7MB
 d6eaa17dfd6a Downloading [======>                                            ]  12.89MB/105.8MB
 ecccfa7c1f25 Downloading [=======================================>           ]  48.19MB/60.39MB
 165d1667e541 Extracting [=================================>                 ]  72.42MB/107.7MB
 165d1667e541 Extracting [=================================>                 ]  72.42MB/107.7MB
 d6eaa17dfd6a Downloading [======>                                            ]  13.43MB/105.8MB
 ecccfa7c1f25 Downloading [========================================>          ]  49.25MB/60.39MB
 d6eaa17dfd6a Downloading [======>                                            ]  13.97MB/105.8MB
 165d1667e541 Extracting [====================================>              ]  79.66MB/107.7MB
 165d1667e541 Extracting [====================================>              ]  79.66MB/107.7MB
 ecccfa7c1f25 Downloading [=========================================>         ]  50.32MB/60.39MB
 ecccfa7c1f25 Downloading [==========================================>        ]   51.4MB/60.39MB
 d6eaa17dfd6a Downloading [=======>                                           ]  15.06MB/105.8MB
 ecccfa7c1f25 Downloading [===========================================>       ]  52.46MB/60.39MB
 165d1667e541 Extracting [======================================>            ]  82.44MB/107.7MB
 165d1667e541 Extracting [======================================>            ]  82.44MB/107.7MB
 f699f32c0574 Downloading [==================================================>]     170B/170B
 f699f32c0574 Verifying Checksum 
 f699f32c0574 Download complete 
 d6eaa17dfd6a Downloading [=======>                                           ]  16.14MB/105.8MB
 ecccfa7c1f25 Downloading [============================================>      ]  53.53MB/60.39MB
 d6eaa17dfd6a Downloading [=======>                                           ]  16.68MB/105.8MB
 d6eaa17dfd6a Downloading [========>                                          ]  17.22MB/105.8MB
 ecccfa7c1f25 Downloading [=============================================>     ]  54.61MB/60.39MB
 165d1667e541 Extracting [======================================>            ]     83MB/107.7MB
 165d1667e541 Extracting [======================================>            ]     83MB/107.7MB
 d6eaa17dfd6a Downloading [========>                                          ]  17.76MB/105.8MB
 ecccfa7c1f25 Downloading [==============================================>    ]  55.67MB/60.39MB
 d6eaa17dfd6a Downloading [========>                                          ]   18.3MB/105.8MB
 d6eaa17dfd6a Downloading [========>                                          ]  18.84MB/105.8MB
 ecccfa7c1f25 Downloading [==============================================>    ]  56.75MB/60.39MB
 d6eaa17dfd6a Downloading [=========>                                         ]  19.38MB/105.8MB
 165d1667e541 Extracting [======================================>            ]  83.56MB/107.7MB
 165d1667e541 Extracting [======================================>            ]  83.56MB/107.7MB
 ecccfa7c1f25 Downloading [===============================================>   ]  57.82MB/60.39MB
 d6eaa17dfd6a Downloading [=========>                                         ]  19.92MB/105.8MB
 ecccfa7c1f25 Downloading [================================================>  ]  58.89MB/60.39MB
 d6eaa17dfd6a Downloading [=========>                                         ]     21MB/105.8MB
 ecccfa7c1f25 Downloading [=================================================> ]  59.97MB/60.39MB
 165d1667e541 Extracting [=======================================>           ]  84.12MB/107.7MB
 165d1667e541 Extracting [=======================================>           ]  84.12MB/107.7MB
 75de42a401ce Downloading [================================>                  ]  3.531kB/5.42kB
 75de42a401ce Downloading [==================================================>]   5.42kB/5.42kB
 75de42a401ce Verifying Checksum 
 75de42a401ce Download complete 
 ecccfa7c1f25 Verifying Checksum 
 ecccfa7c1f25 Download complete 
 d6eaa17dfd6a Downloading [==========>                                        ]  22.08MB/105.8MB
 165d1667e541 Extracting [=======================================>           ]  84.67MB/107.7MB
 165d1667e541 Extracting [=======================================>           ]  84.67MB/107.7MB
 d6eaa17dfd6a Downloading [==========>                                        ]  23.15MB/105.8MB
 d6eaa17dfd6a Downloading [===========>                                       ]  24.76MB/105.8MB
 d6eaa17dfd6a Downloading [============>                                      ]  26.37MB/105.8MB
 d6eaa17dfd6a Downloading [=============>                                     ]  27.98MB/105.8MB
 165d1667e541 Extracting [========================================>          ]   86.9MB/107.7MB
 165d1667e541 Extracting [========================================>          ]   86.9MB/107.7MB
 d6eaa17dfd6a Downloading [==============>                                    ]  30.13MB/105.8MB
 165d1667e541 Extracting [========================================>          ]  87.46MB/107.7MB
 165d1667e541 Extracting [========================================>          ]  87.46MB/107.7MB
 d6eaa17dfd6a Downloading [===============>                                   ]  31.74MB/105.8MB
 165d1667e541 Extracting [=========================================>         ]  88.57MB/107.7MB
 165d1667e541 Extracting [=========================================>         ]  88.57MB/107.7MB
 d6eaa17dfd6a Downloading [===============>                                   ]  33.34MB/105.8MB
 d6eaa17dfd6a Downloading [================>                                  ]  34.95MB/105.8MB
 c48dc11d8978 Downloading [==================================================>]     186B/186B
 c48dc11d8978 Verifying Checksum 
 c48dc11d8978 Download complete 
 165d1667e541 Extracting [=========================================>         ]  89.13MB/107.7MB
 165d1667e541 Extracting [=========================================>         ]  89.13MB/107.7MB
 d6eaa17dfd6a Downloading [=================>                                 ]  36.55MB/105.8MB
 165d1667e541 Extracting [=========================================>         ]  89.69MB/107.7MB
 165d1667e541 Extracting [=========================================>         ]  89.69MB/107.7MB
 d6eaa17dfd6a Downloading [==================>                                ]  38.17MB/105.8MB
 d6eaa17dfd6a Downloading [==================>                                ]  39.78MB/105.8MB
 d6eaa17dfd6a Downloading [===================>                               ]   41.4MB/105.8MB
 165d1667e541 Extracting [=========================================>         ]  90.24MB/107.7MB
 165d1667e541 Extracting [=========================================>         ]  90.24MB/107.7MB
 d6eaa17dfd6a Downloading [====================>                              ]  43.01MB/105.8MB
 d6eaa17dfd6a Downloading [=====================>                             ]  44.61MB/105.8MB
 2df66f69416e Downloading [==================================================>]     213B/213B
 2df66f69416e Verifying Checksum 
 2df66f69416e Download complete 
 d6eaa17dfd6a Downloading [=====================>                             ]  46.22MB/105.8MB
 165d1667e541 Extracting [==========================================>        ]   90.8MB/107.7MB
 165d1667e541 Extracting [==========================================>        ]   90.8MB/107.7MB
 d6eaa17dfd6a Downloading [======================>                            ]  47.83MB/105.8MB
 d6eaa17dfd6a Downloading [=======================>                           ]  49.43MB/105.8MB
 165d1667e541 Extracting [==========================================>        ]  91.36MB/107.7MB
 165d1667e541 Extracting [==========================================>        ]  91.36MB/107.7MB
 d6eaa17dfd6a Downloading [=======================>                           ]  50.52MB/105.8MB
 d6eaa17dfd6a Downloading [========================>                          ]  52.11MB/105.8MB
 d6eaa17dfd6a Downloading [=========================>                         ]  53.71MB/105.8MB
 165d1667e541 Extracting [==========================================>        ]  91.91MB/107.7MB
 165d1667e541 Extracting [==========================================>        ]  91.91MB/107.7MB
 d6eaa17dfd6a Downloading [=========================>                         ]  54.78MB/105.8MB
 d6eaa17dfd6a Downloading [==========================>                        ]  55.85MB/105.8MB
 165d1667e541 Extracting [==========================================>        ]  92.47MB/107.7MB
 165d1667e541 Extracting [==========================================>        ]  92.47MB/107.7MB
 d6eaa17dfd6a Downloading [===========================>                       ]  57.46MB/105.8MB
 d6eaa17dfd6a Downloading [============================>                      ]   59.6MB/105.8MB
 165d1667e541 Extracting [===========================================>       ]  93.03MB/107.7MB
 165d1667e541 Extracting [===========================================>       ]  93.03MB/107.7MB
 d6eaa17dfd6a Downloading [============================>                      ]  60.67MB/105.8MB
 d6eaa17dfd6a Downloading [=============================>                     ]   62.8MB/105.8MB
 d6eaa17dfd6a Downloading [==============================>                    ]  64.42MB/105.8MB
 165d1667e541 Extracting [===========================================>       ]  93.59MB/107.7MB
 165d1667e541 Extracting [===========================================>       ]  93.59MB/107.7MB
 d6eaa17dfd6a Downloading [===============================>                   ]  66.02MB/105.8MB
 d6eaa17dfd6a Downloading [================================>                  ]  68.17MB/105.8MB
 d6eaa17dfd6a Downloading [================================>                  ]  69.24MB/105.8MB
 165d1667e541 Extracting [===========================================>       ]  94.14MB/107.7MB
 165d1667e541 Extracting [===========================================>       ]  94.14MB/107.7MB
 d6eaa17dfd6a Downloading [=================================>                 ]  70.84MB/105.8MB
 d6eaa17dfd6a Downloading [==================================>                ]  72.45MB/105.8MB
 d6eaa17dfd6a Downloading [===================================>               ]  74.06MB/105.8MB
 165d1667e541 Extracting [===========================================>       ]   94.7MB/107.7MB
 165d1667e541 Extracting [===========================================>       ]   94.7MB/107.7MB
 d6eaa17dfd6a Downloading [===================================>               ]  75.66MB/105.8MB
 d6eaa17dfd6a Downloading [====================================>              ]  77.26MB/105.8MB
 165d1667e541 Extracting [============================================>      ]  95.26MB/107.7MB
 165d1667e541 Extracting [============================================>      ]  95.26MB/107.7MB
 d6eaa17dfd6a Downloading [=====================================>             ]  78.87MB/105.8MB
 165d1667e541 Extracting [============================================>      ]  95.81MB/107.7MB
 165d1667e541 Extracting [============================================>      ]  95.81MB/107.7MB
 d6eaa17dfd6a Downloading [======================================>            ]  80.48MB/105.8MB
 d6eaa17dfd6a Downloading [======================================>            ]  82.06MB/105.8MB
 d6eaa17dfd6a Downloading [=======================================>           ]  83.67MB/105.8MB
 165d1667e541 Extracting [============================================>      ]  96.37MB/107.7MB
 165d1667e541 Extracting [============================================>      ]  96.37MB/107.7MB
 d6eaa17dfd6a Downloading [========================================>          ]  85.28MB/105.8MB
 165d1667e541 Extracting [=============================================>     ]  96.93MB/107.7MB
 165d1667e541 Extracting [=============================================>     ]  96.93MB/107.7MB
 d6eaa17dfd6a Downloading [=========================================>         ]  87.41MB/105.8MB
 d6eaa17dfd6a Downloading [=========================================>         ]  88.48MB/105.8MB
 165d1667e541 Extracting [=============================================>     ]  97.48MB/107.7MB
 165d1667e541 Extracting [=============================================>     ]  97.48MB/107.7MB
 d6eaa17dfd6a Downloading [==========================================>        ]  90.08MB/105.8MB
 d6eaa17dfd6a Downloading [===========================================>       ]  91.69MB/105.8MB
 165d1667e541 Extracting [=============================================>     ]  98.04MB/107.7MB
 165d1667e541 Extracting [=============================================>     ]  98.04MB/107.7MB
 d6eaa17dfd6a Downloading [============================================>      ]   93.3MB/105.8MB
 165d1667e541 Extracting [=============================================>     ]   98.6MB/107.7MB
 165d1667e541 Extracting [=============================================>     ]   98.6MB/107.7MB
 d6eaa17dfd6a Downloading [============================================>      ]   94.9MB/105.8MB
 165d1667e541 Extracting [==============================================>    ]  99.16MB/107.7MB
 165d1667e541 Extracting [==============================================>    ]  99.16MB/107.7MB
 d6eaa17dfd6a Downloading [=============================================>     ]  96.51MB/105.8MB
 165d1667e541 Extracting [==============================================>    ]  100.8MB/107.7MB
 165d1667e541 Extracting [==============================================>    ]  100.8MB/107.7MB
 d6eaa17dfd6a Downloading [==============================================>    ]  98.11MB/105.8MB
 165d1667e541 Extracting [===============================================>   ]  102.5MB/107.7MB
 165d1667e541 Extracting [===============================================>   ]  102.5MB/107.7MB
 d6eaa17dfd6a Downloading [===============================================>   ]  99.72MB/105.8MB
 165d1667e541 Extracting [================================================>  ]  104.7MB/107.7MB
 165d1667e541 Extracting [================================================>  ]  104.7MB/107.7MB
 d6eaa17dfd6a Downloading [===============================================>   ]  101.3MB/105.8MB
 165d1667e541 Extracting [=================================================> ]  106.4MB/107.7MB
 165d1667e541 Extracting [=================================================> ]  106.4MB/107.7MB
 d6eaa17dfd6a Downloading [================================================>  ]  102.9MB/105.8MB
 d6eaa17dfd6a Downloading [=================================================> ]  104.5MB/105.8MB
 165d1667e541 Extracting [=================================================> ]    107MB/107.7MB
 165d1667e541 Extracting [=================================================> ]    107MB/107.7MB
 d6eaa17dfd6a Verifying Checksum 
 d6eaa17dfd6a Download complete 
 d6eaa17dfd6a Extracting [>                                                  ]  557.1kB/105.8MB
 165d1667e541 Extracting [=================================================> ]  107.5MB/107.7MB
 165d1667e541 Extracting [=================================================> ]  107.5MB/107.7MB
 d6eaa17dfd6a Extracting [=>                                                 ]  2.785MB/105.8MB
 165d1667e541 Extracting [==================================================>]  107.7MB/107.7MB
 165d1667e541 Extracting [==================================================>]  107.7MB/107.7MB
 d6eaa17dfd6a Extracting [===>                                               ]  8.356MB/105.8MB
 d6eaa17dfd6a Extracting [======>                                            ]  14.48MB/105.8MB
 d6eaa17dfd6a Extracting [=========>                                         ]  20.05MB/105.8MB
 d6eaa17dfd6a Extracting [============>                                      ]  26.18MB/105.8MB
 d6eaa17dfd6a Extracting [==============>                                    ]   31.2MB/105.8MB
 d6eaa17dfd6a Extracting [=================>                                 ]  36.21MB/105.8MB
 d6eaa17dfd6a Extracting [===================>                               ]  41.78MB/105.8MB
 d6eaa17dfd6a Extracting [======================>                            ]  46.79MB/105.8MB
 d6eaa17dfd6a Extracting [=======================>                           ]  50.69MB/105.8MB
 d6eaa17dfd6a Extracting [=========================>                         ]  54.03MB/105.8MB
 d6eaa17dfd6a Extracting [===========================>                       ]  59.05MB/105.8MB
 d6eaa17dfd6a Extracting [==============================>                    ]  65.18MB/105.8MB
 165d1667e541 Pull complete 
 165d1667e541 Pull complete 
 4f4fb700ef54 Extracting [==================================================>]      32B/32B
 4f4fb700ef54 Extracting [==================================================>]      32B/32B
 4f4fb700ef54 Extracting [==================================================>]      32B/32B
 4f4fb700ef54 Extracting [==================================================>]      32B/32B
 4f4fb700ef54 Pull complete 
 4f4fb700ef54 Pull complete 
 552cc56a2dea Extracting [>                                                  ]   98.3kB/7.342MB
 volume-init Pulled 
 d6eaa17dfd6a Extracting [=================================>                 ]  70.75MB/105.8MB
 552cc56a2dea Extracting [===============>                                   ]  2.261MB/7.342MB
 d6eaa17dfd6a Extracting [===================================>               ]   75.2MB/105.8MB
 552cc56a2dea Extracting [=====================================>             ]  5.505MB/7.342MB
 552cc56a2dea Extracting [==================================================>]  7.342MB/7.342MB
 d6eaa17dfd6a Extracting [===================================>               ]  75.76MB/105.8MB
 552cc56a2dea Pull complete 
 4ba98b9134b3 Extracting [>                                                  ]  32.77kB/2.614MB
 4ba98b9134b3 Extracting [==================================================>]  2.614MB/2.614MB
 4ba98b9134b3 Pull complete 
 25a139939c13 Extracting [==================================================>]   5.61kB/5.61kB
 25a139939c13 Extracting [==================================================>]   5.61kB/5.61kB
 25a139939c13 Pull complete 
 774b2d361f54 Extracting [==================================================>]     281B/281B
 774b2d361f54 Extracting [==================================================>]     281B/281B
 d6eaa17dfd6a Extracting [====================================>              ]  76.87MB/105.8MB
 774b2d361f54 Pull complete 
 ecccfa7c1f25 Extracting [>                                                  ]  557.1kB/60.39MB
 d6eaa17dfd6a Extracting [=====================================>             ]   79.1MB/105.8MB
 ecccfa7c1f25 Extracting [=>                                                 ]  1.671MB/60.39MB
 ecccfa7c1f25 Extracting [=====>                                             ]  6.128MB/60.39MB
 d6eaa17dfd6a Extracting [======================================>            ]  81.33MB/105.8MB
 ecccfa7c1f25 Extracting [===========>                                       ]  14.48MB/60.39MB
 d6eaa17dfd6a Extracting [========================================>          ]  84.67MB/105.8MB
 ecccfa7c1f25 Extracting [==================>                                ]  22.28MB/60.39MB
 d6eaa17dfd6a Extracting [=========================================>         ]  88.01MB/105.8MB
 ecccfa7c1f25 Extracting [========================>                          ]  30.08MB/60.39MB
 d6eaa17dfd6a Extracting [===========================================>       ]  91.36MB/105.8MB
 ecccfa7c1f25 Extracting [================================>                  ]  38.99MB/60.39MB
 d6eaa17dfd6a Extracting [===========================================>       ]  93.03MB/105.8MB
 ecccfa7c1f25 Extracting [======================================>            ]  46.79MB/60.39MB
 d6eaa17dfd6a Extracting [=============================================>     ]  96.93MB/105.8MB
 ecccfa7c1f25 Extracting [===============================================>   ]  57.38MB/60.39MB
 d6eaa17dfd6a Extracting [================================================>  ]  101.9MB/105.8MB
 ecccfa7c1f25 Extracting [=================================================> ]   59.6MB/60.39MB
 d6eaa17dfd6a Extracting [==================================================>]  105.8MB/105.8MB
 ecccfa7c1f25 Extracting [==================================================>]  60.39MB/60.39MB
 ecccfa7c1f25 Pull complete 
 restore Pulled 
 d6eaa17dfd6a Pull complete 
 fdcefadb5bb3 Extracting [==================================================>]  9.883kB/9.883kB
 fdcefadb5bb3 Extracting [==================================================>]  9.883kB/9.883kB
 fdcefadb5bb3 Pull complete 
 badd2a25d9ca Extracting [==================================================>]     128B/128B
 badd2a25d9ca Extracting [==================================================>]     128B/128B
 badd2a25d9ca Pull complete 
 f699f32c0574 Extracting [==================================================>]     170B/170B
 f699f32c0574 Extracting [==================================================>]     170B/170B
 f699f32c0574 Pull complete 
 75de42a401ce Extracting [==================================================>]   5.42kB/5.42kB
 75de42a401ce Extracting [==================================================>]   5.42kB/5.42kB
 75de42a401ce Pull complete 
 c48dc11d8978 Extracting [==================================================>]     186B/186B
 c48dc11d8978 Extracting [==================================================>]     186B/186B
 c48dc11d8978 Pull complete 
 2df66f69416e Extracting [==================================================>]     213B/213B
 2df66f69416e Extracting [==================================================>]     213B/213B
 2df66f69416e Pull complete 
 db Pulled 
 Network docker_default  Creating
 Network docker_default  Created
 Volume "docker_public_storage"  Creating
 Volume "docker_public_storage"  Created
 Volume "docker_private_storage"  Creating
 Volume "docker_private_storage"  Created
 Volume "docker_oro_app"  Creating
 Volume "docker_oro_app"  Created
 Volume "docker_cache"  Creating
 Volume "docker_cache"  Created
 Container docker-mail-1  Creating
 Container docker-db-1  Creating
 Container docker-volume-init-1  Creating
 Container docker-mail-1  Created
 Container docker-db-1  Created
 Container docker-volume-init-1  Created
 Container docker-restore-1  Creating
 Container docker-restore-1  Created
Attaching to restore-1
restore-1  | 2026-09-06 12:55:32+00:00 [Note] [Entrypoint]: Restore dump from file: /oro_init/db.sql to: orodb
restore-1  | + psql --set ON_ERROR_STOP=on --user=orodbuser --host=db --port=5432 -d orodb
restore-1  | + psql -q --user=orodbuser --host=db --port=5432 orodb -c 'GRANT CONNECT ON DATABASE orodb TO orodbuser;'
restore-1  | + psql -q --user=orodbuser --host=db --port=5432 orodb -c 'GRANT USAGE ON SCHEMA public TO orodbuser;'
restore-1  | + psql -q --user=orodbuser --host=db --port=5432 orodb -c 'GRANT ALL PRIVILEGES ON ALL TABLES IN SCHEMA public TO orodbuser;'
restore-1  | + psql -q --user=orodbuser --host=db --port=5432 orodb -c 'GRANT ALL PRIVILEGES ON ALL SEQUENCES IN SCHEMA public TO orodbuser;'
restore-1  | + psql -t --user=orodbuser --host=db --port=5432 orodb -c 'SELECT '\''ALTER TABLE '\''|| schemaname || '\''.'\'' || tablename ||'\'' OWNER TO orodbuser;'\'' FROM pg_tables WHERE NOT schemaname IN ('\''pg_catalog'\'', '\''information_schema'\'') ORDER BY schemaname, tablename;'
restore-1  | + xargs -r -I '{}' psql --user=orodbuser --host=db --port=5432 orodb -c '{}'
restore-1  | + psql -t --user=orodbuser --host=db --port=5432 orodb -c 'SELECT '\''ALTER SEQUENCE '\''|| sequence_schema || '\''.'\'' || sequence_name ||'\'' OWNER TO orodbuser;'\'' FROM information_schema.sequences WHERE NOT sequence_schema IN ('\''pg_catalog'\'', '\''information_schema'\'') ORDER BY sequence_schema, sequence_name;'
restore-1  | + xargs -r -I '{}' psql --user=orodbuser --host=db --port=5432 orodb -c '{}'
restore-1  | + psql -t --user=orodbuser --host=db --port=5432 orodb -c 'SELECT '\''ALTER VIEW '\''|| table_schema || '\''.'\'' || table_name ||'\'' OWNER TO orodbuser;'\'' FROM information_schema.views WHERE NOT table_schema IN ('\''pg_catalog'\'', '\''information_schema'\'') ORDER BY table_schema, table_name;'
restore-1  | + xargs -r -I '{}' psql --user=orodbuser --host=db --port=5432 orodb -c '{}'
restore-1  | + psql -q --user=orodbuser --host=db --port=5432 -c 'CREATE EXTENSION IF NOT EXISTS "uuid-ossp";' -d orodb
restore-1  | NOTICE:  extension "uuid-ossp" already exists, skipping
restore-1  | + set +x
restore-1  | 2026-09-06 12:56:05+00:00 [Note] [Entrypoint]: Copy files from /oro_init/public_storage/ to /var/www/oro/public/media folders
restore-1  | sending incremental file list
restore-1  | ./
restore-1  | js/
restore-1  | js/admin_routes.json
restore-1  |          32,768   9%    0.00kB/s    0:00:00          339,953 100%  292.95MB/s    0:00:00 (xfr#1, to-chk=11/14)
restore-1  | js/frontend_routes.json
restore-1  |          32,768  59%   31.25MB/s    0:00:00           54,617 100%   52.09MB/s    0:00:00 (xfr#2, to-chk=10/14)
restore-1  | js/translation/
restore-1  | js/translation/de_DE.json
restore-1  |          32,768  11%   31.25MB/s    0:00:00          288,726 100%  137.68MB/s    0:00:00 (xfr#3, to-chk=8/14)
restore-1  | js/translation/en.json
restore-1  |          32,768  12%   15.62MB/s    0:00:00          252,339 100%   80.22MB/s    0:00:00 (xfr#4, to-chk=7/14)
restore-1  | js/translation/en_AU.json
restore-1  |          32,768  12%   10.42MB/s    0:00:00          252,345 100%   60.16MB/s    0:00:00 (xfr#5, to-chk=6/14)
restore-1  | js/translation/en_CA.json
restore-1  |          32,768  12%    7.81MB/s    0:00:00          252,345 100%   48.13MB/s    0:00:00 (xfr#6, to-chk=5/14)
restore-1  | js/translation/en_GB.json
restore-1  |          32,768  12%    6.25MB/s    0:00:00          252,345 100%   48.13MB/s    0:00:00 (xfr#7, to-chk=4/14)
restore-1  | js/translation/en_US.json
restore-1  |          32,768  12%    5.21MB/s    0:00:00          255,802 100%   40.66MB/s    0:00:00 (xfr#8, to-chk=3/14)
restore-1  | js/translation/es_AR.json
restore-1  |          32,768  12%    4.46MB/s    0:00:00          254,691 100%   34.70MB/s    0:00:00 (xfr#9, to-chk=2/14)
restore-1  | js/translation/fr_CA.json
restore-1  |          32,768  12%    3.91MB/s    0:00:00          252,345 100%   30.08MB/s    0:00:00 (xfr#10, to-chk=1/14)
restore-1  | js/translation/fr_FR.json
restore-1  |          32,768  11%    3.91MB/s    0:00:00          297,204 100%   31.49MB/s    0:00:00 (xfr#11, to-chk=0/14)
restore-1  | 2026-09-06 12:56:05+00:00 [Note] [Entrypoint]: Copy files from /oro_init/private_storage/ to /var/www/oro/var/data folders
restore-1  | sending incremental file list
restore-1  | ./
restore-1  | attachments/
restore-1  | attachments/6943c9181eddc511291842.webp
restore-1  |          10,298 100%    0.00kB/s    0:00:00           10,298 100%    0.00kB/s    0:00:00 (xfr#1, to-chk=1067/1070)
restore-1  | attachments/6943c9181f8d7094035186.webp
restore-1  |          28,766 100%   27.43MB/s    0:00:00           28,766 100%   27.43MB/s    0:00:00 (xfr#2, to-chk=1066/1070)
restore-1  | attachments/6943c91820168698994563.webp
restore-1  |          20,306 100%   19.37MB/s    0:00:00           20,306 100%   19.37MB/s    0:00:00 (xfr#3, to-chk=1065/1070)
restore-1  | attachments/6943c91820a2f644099814.webp
restore-1  |          32,768  60%   31.25MB/s    0:00:00           53,978 100%   51.48MB/s    0:00:00 (xfr#4, to-chk=1064/1070)
restore-1  | attachments/6943c918211e8230506622.webp
restore-1  |          17,182 100%   16.39MB/s    0:00:00           17,182 100%   16.39MB/s    0:00:00 (xfr#5, to-chk=1063/1070)
restore-1  | attachments/6943c9182194c431979708.webp
restore-1  |          32,768  69%   31.25MB/s    0:00:00           46,862 100%   44.69MB/s    0:00:00 (xfr#6, to-chk=1062/1070)
restore-1  | attachments/6943c91821ff7272457028.webp
restore-1  |          24,634 100%   23.49MB/s    0:00:00           24,634 100%   23.49MB/s    0:00:00 (xfr#7, to-chk=1061/1070)
restore-1  | attachments/6943c918227a4892422852.webp
restore-1  |          32,768  54%   31.25MB/s    0:00:00           60,496 100%   57.69MB/s    0:00:00 (xfr#8, to-chk=1060/1070)
restore-1  | attachments/6943c91822e2c774831684.webp
restore-1  |          11,400 100%   10.87MB/s    0:00:00           11,400 100%   10.87MB/s    0:00:00 (xfr#9, to-chk=1059/1070)
restore-1  | attachments/6943c918234cb138964154.webp
restore-1  |          31,244 100%   29.80MB/s    0:00:00           31,244 100%   29.80MB/s    0:00:00 (xfr#10, to-chk=1058/1070)
restore-1  | attachments/6943c91823b38283139086.webp
restore-1  |          25,440 100%   24.26MB/s    0:00:00           25,440 100%   24.26MB/s    0:00:00 (xfr#11, to-chk=1057/1070)
restore-1  | attachments/6943c918241bc565965772.webp
restore-1  |          32,768  45%   15.62MB/s    0:00:00           71,552 100%   34.12MB/s    0:00:00 (xfr#12, to-chk=1056/1070)
restore-1  | attachments/6943c9182480c298898836.webp
restore-1  |          32,768  77%   15.62MB/s    0:00:00           42,358 100%   20.20MB/s    0:00:00 (xfr#13, to-chk=1055/1070)
restore-1  | attachments/6943c91824e7a380786453.webp
restore-1  |          32,768  28%   15.62MB/s    0:00:00          116,530 100%   55.57MB/s    0:00:00 (xfr#14, to-chk=1054/1070)
restore-1  | attachments/6943c918254ad928335836.webp
restore-1  |          32,768  55%   10.42MB/s    0:00:00           58,630 100%   18.64MB/s    0:00:00 (xfr#15, to-chk=1053/1070)
restore-1  | attachments/6943c91825b62375814673.webp
restore-1  |          32,768  18%   10.42MB/s    0:00:00          176,926 100%   56.24MB/s    0:00:00 (xfr#16, to-chk=1052/1070)
restore-1  | attachments/6943c9182613a037898857.webp
restore-1  |          20,724 100%    4.94MB/s    0:00:00           20,724 100%    4.94MB/s    0:00:00 (xfr#17, to-chk=1051/1070)
restore-1  | attachments/6943c91826798585499382.webp
restore-1  |          32,768  47%    7.81MB/s    0:00:00           68,284 100%   16.28MB/s    0:00:00 (xfr#18, to-chk=1050/1070)
restore-1  | attachments/6943c91826db0482262249.webp
restore-1  |          32,768  68%    7.81MB/s    0:00:00           48,028 100%   11.45MB/s    0:00:00 (xfr#19, to-chk=1049/1070)
restore-1  | attachments/6943c91827438859599400.webp
restore-1  |          32,768  23%    7.81MB/s    0:00:00          138,900 100%   26.49MB/s    0:00:00 (xfr#20, to-chk=1048/1070)
restore-1  | attachments/6943c91827a53241846280.webp
restore-1  |          23,658 100%    4.51MB/s    0:00:00           23,658 100%    4.51MB/s    0:00:00 (xfr#21, to-chk=1047/1070)
restore-1  | attachments/6943c9182809f564649844.webp
restore-1  |          32,768  41%    6.25MB/s    0:00:00           78,598 100%   14.99MB/s    0:00:00 (xfr#22, to-chk=1046/1070)
restore-1  | attachments/6943c918286bb830535922.webp
restore-1  |          32,768  85%    6.25MB/s    0:00:00           38,262 100%    7.30MB/s    0:00:00 (xfr#23, to-chk=1045/1070)
restore-1  | attachments/6943c91828d1c326292569.webp
restore-1  |          32,768  27%    5.21MB/s    0:00:00          118,952 100%   18.91MB/s    0:00:00 (xfr#24, to-chk=1044/1070)
restore-1  | attachments/6943c91829330298171577.webp
restore-1  |          32,768  99%    5.21MB/s    0:00:00           32,782 100%    5.21MB/s    0:00:00 (xfr#25, to-chk=1043/1070)
restore-1  | attachments/6943c91829928588916545.webp
restore-1  |          25,146 100%    4.00MB/s    0:00:00           25,146 100%    4.00MB/s    0:00:00 (xfr#26, to-chk=1042/1070)
restore-1  | attachments/6943c91829ee5724988941.webp
restore-1  |          16,790 100%    2.67MB/s    0:00:00           16,790 100%    2.67MB/s    0:00:00 (xfr#27, to-chk=1041/1070)
restore-1  | attachments/6943c9182a4bc675106884.webp
restore-1  |          14,410 100%    2.29MB/s    0:00:00           14,410 100%    2.29MB/s    0:00:00 (xfr#28, to-chk=1040/1070)
restore-1  | attachments/6943c9186444d825022334.webp
restore-1  |          10,298 100%    1.64MB/s    0:00:00           10,298 100%    1.64MB/s    0:00:00 (xfr#29, to-chk=1039/1070)
restore-1  | attachments/6943c91865a95025689061.webp
restore-1  |          28,766 100%    3.92MB/s    0:00:00           28,766 100%    3.92MB/s    0:00:00 (xfr#30, to-chk=1038/1070)
restore-1  | attachments/6943c91866dc3695352990.webp
restore-1  |          20,306 100%    2.77MB/s    0:00:00           20,306 100%    2.77MB/s    0:00:00 (xfr#31, to-chk=1037/1070)
restore-1  | attachments/6943c918680be608954178.webp
restore-1  |          32,768  60%    4.46MB/s    0:00:00           53,978 100%    7.35MB/s    0:00:00 (xfr#32, to-chk=1036/1070)
restore-1  | attachments/6943c9186927c389297414.webp
restore-1  |          17,182 100%    2.34MB/s    0:00:00           17,182 100%    2.34MB/s    0:00:00 (xfr#33, to-chk=1035/1070)
restore-1  | attachments/6943c9186a3f5510877287.webp
restore-1  |          32,768  69%    4.46MB/s    0:00:00           46,862 100%    6.38MB/s    0:00:00 (xfr#34, to-chk=1034/1070)
restore-1  | attachments/6943c9186b57d430446060.webp
restore-1  |          24,634 100%    3.36MB/s    0:00:00           24,634 100%    3.36MB/s    0:00:00 (xfr#35, to-chk=1033/1070)
restore-1  | attachments/6943c9186c747410726327.webp
restore-1  |          32,768  54%    3.91MB/s    0:00:00           60,496 100%    7.21MB/s    0:00:00 (xfr#36, to-chk=1032/1070)
restore-1  | attachments/6943c9186d89e407341316.webp
restore-1  |          11,400 100%    1.36MB/s    0:00:00           11,400 100%    1.36MB/s    0:00:00 (xfr#37, to-chk=1031/1070)
restore-1  | attachments/6943c9186ea30279288442.webp
restore-1  |          31,244 100%    3.72MB/s    0:00:00           31,244 100%    3.72MB/s    0:00:00 (xfr#38, to-chk=1030/1070)
restore-1  | attachments/6943c9186fc0f781610091.webp
restore-1  |          25,440 100%    3.03MB/s    0:00:00           25,440 100%    3.03MB/s    0:00:00 (xfr#39, to-chk=1029/1070)
restore-1  | attachments/6943c918711d8497264279.webp
restore-1  |          32,768  45%    3.91MB/s    0:00:00           71,552 100%    7.58MB/s    0:00:00 (xfr#40, to-chk=1028/1070)
restore-1  | attachments/6943c918724a0948945507.webp
restore-1  |          32,768  77%    3.47MB/s    0:00:00           42,358 100%    4.49MB/s    0:00:00 (xfr#41, to-chk=1027/1070)
restore-1  | attachments/6943c918738d8431609849.webp
restore-1  |          32,768  28%    3.47MB/s    0:00:00          116,530 100%   12.35MB/s    0:00:00 (xfr#42, to-chk=1026/1070)
restore-1  | attachments/6943c91874b30547470190.webp
restore-1  |          32,768  55%    3.47MB/s    0:00:00           58,630 100%    6.21MB/s    0:00:00 (xfr#43, to-chk=1025/1070)
restore-1  | attachments/6943c91875f64083121290.webp
restore-1  |          32,768  18%    3.12MB/s    0:00:00          176,926 100%   16.87MB/s    0:00:00 (xfr#44, to-chk=1024/1070)
restore-1  | attachments/6943c918771c5402124662.webp
restore-1  |          20,724 100%    1.98MB/s    0:00:00           20,724 100%    1.98MB/s    0:00:00 (xfr#45, to-chk=1023/1070)
restore-1  | attachments/6943c91878451860979732.webp
restore-1  |          32,768  47%    3.12MB/s    0:00:00           68,284 100%    5.92MB/s    0:00:00 (xfr#46, to-chk=1022/1070)
restore-1  | attachments/6943c91879685810559506.webp
restore-1  |          32,768  68%    2.84MB/s    0:00:00           48,028 100%    4.16MB/s    0:00:00 (xfr#47, to-chk=1021/1070)
restore-1  | attachments/6943c9187a925201023049.webp
restore-1  |          32,768  23%    2.84MB/s    0:00:00          138,900 100%   12.04MB/s    0:00:00 (xfr#48, to-chk=1020/1070)
restore-1  | attachments/6943c9187bb67973899136.webp
restore-1  |          23,658 100%    1.88MB/s    0:00:00           23,658 100%    1.88MB/s    0:00:00 (xfr#49, to-chk=1019/1070)
restore-1  | attachments/6943c9187cd74944594053.webp
restore-1  |          32,768  41%    2.60MB/s    0:00:00           78,598 100%    6.25MB/s    0:00:00 (xfr#50, to-chk=1018/1070)
restore-1  | attachments/6943c9187de8f382427409.webp
restore-1  |          32,768  85%    2.60MB/s    0:00:00           38,262 100%    3.04MB/s    0:00:00 (xfr#51, to-chk=1017/1070)
restore-1  | attachments/6943c9187f026670174490.webp
restore-1  |          32,768  27%    2.60MB/s    0:00:00          118,952 100%    8.73MB/s    0:00:00 (xfr#52, to-chk=1016/1070)
restore-1  | attachments/6943c91880164382432507.webp
restore-1  |          32,768  99%    2.40MB/s    0:00:00           32,782 100%    2.40MB/s    0:00:00 (xfr#53, to-chk=1015/1070)
restore-1  | attachments/6943c91881204271140055.webp
restore-1  |          25,146 100%    1.84MB/s    0:00:00           25,146 100%    1.84MB/s    0:00:00 (xfr#54, to-chk=1014/1070)
restore-1  | attachments/6943c91882212121604895.webp
restore-1  |          16,790 100%    1.23MB/s    0:00:00           16,790 100%    1.23MB/s    0:00:00 (xfr#55, to-chk=1013/1070)
restore-1  | attachments/6943c9188328d848717477.webp
restore-1  |          14,410 100%    1.06MB/s    0:00:00           14,410 100%    1.06MB/s    0:00:00 (xfr#56, to-chk=1012/1070)
restore-1  | attachments/6943c918858c0026225396.webp
restore-1  |          14,410 100%    1.06MB/s    0:00:00           14,410 100%    1.06MB/s    0:00:00 (xfr#57, to-chk=1011/1070)
restore-1  | attachments/6943c91887105318479521.webp
restore-1  |          16,790 100%    1.23MB/s    0:00:00           16,790 100%    1.23MB/s    0:00:00 (xfr#58, to-chk=1010/1070)
restore-1  | attachments/6943c9188857b691791379.webp
restore-1  |          14,410 100%    1.06MB/s    0:00:00           14,410 100%    1.06MB/s    0:00:00 (xfr#59, to-chk=1009/1070)
restore-1  | attachments/6943c91889f22147872706.webp
restore-1  |          25,146 100%    1.84MB/s    0:00:00           25,146 100%    1.84MB/s    0:00:00 (xfr#60, to-chk=1008/1070)
restore-1  | attachments/6943c9188b428590139603.webp
restore-1  |          16,790 100%    1.23MB/s    0:00:00           16,790 100%    1.23MB/s    0:00:00 (xfr#61, to-chk=1007/1070)
restore-1  | attachments/6943c9188c8fa012663828.webp
restore-1  |          14,410 100% 1005.16kB/s    0:00:00           14,410 100% 1005.16kB/s    0:00:00 (xfr#62, to-chk=1006/1070)
restore-1  | attachments/6943c9188e1fd897252938.webp
restore-1  |          32,768  99%    2.23MB/s    0:00:00           32,782 100%    2.23MB/s    0:00:00 (xfr#63, to-chk=1005/1070)
restore-1  | attachments/6943c9188f64d144625306.webp
restore-1  |          25,146 100%    1.71MB/s    0:00:00           25,146 100%    1.71MB/s    0:00:00 (xfr#64, to-chk=1004/1070)
restore-1  | attachments/6943c91890a28603241700.webp
restore-1  |          16,790 100%    1.14MB/s    0:00:00           16,790 100%    1.14MB/s    0:00:00 (xfr#65, to-chk=1003/1070)
restore-1  | attachments/6943c91891e34719257706.webp
restore-1  |          14,410 100% 1005.16kB/s    0:00:00           14,410 100% 1005.16kB/s    0:00:00 (xfr#66, to-chk=1002/1070)
restore-1  | attachments/6943c91893730427773387.webp
restore-1  |          32,768  27%    2.23MB/s    0:00:00          118,952 100%    7.56MB/s    0:00:00 (xfr#67, to-chk=1001/1070)
restore-1  | attachments/6943c91894c30716891456.webp
restore-1  |          32,768  99%    2.08MB/s    0:00:00           32,782 100%    2.08MB/s    0:00:00 (xfr#68, to-chk=1000/1070)
restore-1  | attachments/6943c91896117264819497.webp
restore-1  |          25,146 100%    1.60MB/s    0:00:00           25,146 100%    1.60MB/s    0:00:00 (xfr#69, to-chk=999/1070)
restore-1  | attachments/6943c91897584763589352.webp
restore-1  |          16,790 100%    1.07MB/s    0:00:00           16,790 100%    1.07MB/s    0:00:00 (xfr#70, to-chk=998/1070)
restore-1  | attachments/6943c91898973930289136.webp
restore-1  |          14,410 100%  938.15kB/s    0:00:00           14,410 100%  938.15kB/s    0:00:00 (xfr#71, to-chk=997/1070)
restore-1  | attachments/6943c9189a17b051400294.webp
restore-1  |          32,768  85%    2.08MB/s    0:00:00           38,262 100%    2.28MB/s    0:00:00 (xfr#72, to-chk=996/1070)
restore-1  | attachments/6943c9189b822893948117.webp
restore-1  |          32,768  27%    1.95MB/s    0:00:00          118,952 100%    7.09MB/s    0:00:00 (xfr#73, to-chk=995/1070)
restore-1  | attachments/6943c9189cea4162518121.webp
restore-1  |          32,768  99%    1.95MB/s    0:00:00           32,782 100%    1.95MB/s    0:00:00 (xfr#74, to-chk=994/1070)
restore-1  | attachments/6943c9189e4a2093427228.webp
restore-1  |          25,146 100%    1.50MB/s    0:00:00           25,146 100%    1.50MB/s    0:00:00 (xfr#75, to-chk=993/1070)
restore-1  | attachments/6943c9189fa87717201679.webp
restore-1  |          16,790 100%    1.00MB/s    0:00:00           16,790 100%    1.00MB/s    0:00:00 (xfr#76, to-chk=992/1070)
restore-1  | attachments/6943c918a10a4010839320.webp
restore-1  |          14,410 100%  879.52kB/s    0:00:00           14,410 100%  879.52kB/s    0:00:00 (xfr#77, to-chk=991/1070)
restore-1  | attachments/6943c918a2b5e182398925.webp
restore-1  |          32,768  41%    1.84MB/s    0:00:00           78,598 100%    4.41MB/s    0:00:00 (xfr#78, to-chk=990/1070)
restore-1  | attachments/6943c918a4153781699899.webp
restore-1  |          32,768  85%    1.84MB/s    0:00:00           38,262 100%    2.15MB/s    0:00:00 (xfr#79, to-chk=989/1070)
restore-1  | attachments/6943c918a5879496758692.webp
restore-1  |          32,768  27%    1.84MB/s    0:00:00          118,952 100%    6.30MB/s    0:00:00 (xfr#80, to-chk=988/1070)
restore-1  | attachments/6943c918a6ef6923766049.webp
restore-1  |          32,768  99%    1.74MB/s    0:00:00           32,782 100%    1.74MB/s    0:00:00 (xfr#81, to-chk=987/1070)
restore-1  | attachments/6943c918a84aa168078856.webp
restore-1  |          25,146 100%    1.33MB/s    0:00:00           25,146 100%    1.33MB/s    0:00:00 (xfr#82, to-chk=986/1070)
restore-1  | attachments/6943c918a9ccb057804068.webp
restore-1  |          16,790 100%  910.92kB/s    0:00:00           16,790 100%  910.92kB/s    0:00:00 (xfr#83, to-chk=985/1070)
restore-1  | attachments/6943c918ab33a892506567.webp
restore-1  |          14,410 100%  781.79kB/s    0:00:00           14,410 100%  781.79kB/s    0:00:00 (xfr#84, to-chk=984/1070)
restore-1  | attachments/6943c918acd4c687641891.webp
restore-1  |          23,658 100%    1.25MB/s    0:00:00           23,658 100%    1.25MB/s    0:00:00 (xfr#85, to-chk=983/1070)
restore-1  | attachments/6943c918ae416642244699.webp
restore-1  |          32,768  41%    1.74MB/s    0:00:00           78,598 100%    3.95MB/s    0:00:00 (xfr#86, to-chk=982/1070)
restore-1  | attachments/6943c918afa13827413145.webp
restore-1  |          32,768  85%    1.64MB/s    0:00:00           38,262 100%    1.92MB/s    0:00:00 (xfr#87, to-chk=981/1070)
restore-1  | attachments/6943c918b0ffc825214237.webp
restore-1  |          32,768  27%    1.64MB/s    0:00:00          118,952 100%    5.97MB/s    0:00:00 (xfr#88, to-chk=980/1070)
restore-1  | attachments/6943c918b24ce704936127.webp
restore-1  |          32,768  99%    1.64MB/s    0:00:00           32,782 100%    1.65MB/s    0:00:00 (xfr#89, to-chk=979/1070)
restore-1  | attachments/6943c918b393d353778244.webp
restore-1  |          25,146 100%    1.20MB/s    0:00:00           25,146 100%    1.20MB/s    0:00:00 (xfr#90, to-chk=978/1070)
restore-1  | attachments/6943c918b4d84685660314.webp
restore-1  |          16,790 100%  819.82kB/s    0:00:00           16,790 100%  819.82kB/s    0:00:00 (xfr#91, to-chk=977/1070)
restore-1  | attachments/6943c918b6203273769129.webp
restore-1  |          14,410 100%  703.61kB/s    0:00:00           14,410 100%  703.61kB/s    0:00:00 (xfr#92, to-chk=976/1070)
restore-1  | attachments/6943c918b7b82938562350.webp
restore-1  |          32,768  23%    1.56MB/s    0:00:00          138,900 100%    6.62MB/s    0:00:00 (xfr#93, to-chk=975/1070)
restore-1  | attachments/6943c918b90a0622419449.webp
restore-1  |          23,658 100%    1.13MB/s    0:00:00           23,658 100%    1.13MB/s    0:00:00 (xfr#94, to-chk=974/1070)
restore-1  | attachments/6943c918ba5bb721140314.webp
restore-1  |          32,768  41%    1.49MB/s    0:00:00           78,598 100%    3.57MB/s    0:00:00 (xfr#95, to-chk=973/1070)
restore-1  | attachments/6943c918bba70833067809.webp
restore-1  |          32,768  85%    1.49MB/s    0:00:00           38,262 100%    1.74MB/s    0:00:00 (xfr#96, to-chk=972/1070)
restore-1  | attachments/6943c918bd077068970521.webp
restore-1  |          32,768  27%    1.49MB/s    0:00:00          118,952 100%    5.16MB/s    0:00:00 (xfr#97, to-chk=971/1070)
restore-1  | attachments/6943c918be636230233544.webp
restore-1  |          32,768  99%    1.42MB/s    0:00:00           32,782 100%    1.42MB/s    0:00:00 (xfr#98, to-chk=970/1070)
restore-1  | attachments/6943c918bfb8f048068606.webp
restore-1  |          25,146 100%    1.09MB/s    0:00:00           25,146 100%    1.09MB/s    0:00:00 (xfr#99, to-chk=969/1070)
restore-1  | attachments/6943c918c1081939387463.webp
restore-1  |          16,790 100%  745.29kB/s    0:00:00           16,790 100%  745.29kB/s    0:00:00 (xfr#100, to-chk=968/1070)
restore-1  | attachments/6943c918c2547888997227.webp
restore-1  |          14,410 100%  639.65kB/s    0:00:00           14,410 100%  639.65kB/s    0:00:00 (xfr#101, to-chk=967/1070)
restore-1  | attachments/6943c918c3f32141921264.webp
restore-1  |          32,768  68%    1.42MB/s    0:00:00           48,028 100%    2.08MB/s    0:00:00 (xfr#102, to-chk=966/1070)
restore-1  | attachments/6943c918c54ed976623416.webp
restore-1  |          32,768  23%    1.42MB/s    0:00:00          138,900 100%    5.76MB/s    0:00:00 (xfr#103, to-chk=965/1070)
restore-1  | attachments/6943c918c6a17315038302.webp
restore-1  |          23,658 100% 1004.50kB/s    0:00:00           23,658 100% 1004.50kB/s    0:00:00 (xfr#104, to-chk=964/1070)
restore-1  | attachments/6943c918c7f56000505396.webp
restore-1  |          32,768  41%    1.36MB/s    0:00:00           78,598 100%    3.26MB/s    0:00:00 (xfr#105, to-chk=963/1070)
restore-1  | attachments/6943c918c94a5237152126.webp
restore-1  |          32,768  85%    1.36MB/s    0:00:00           38,262 100%    1.59MB/s    0:00:00 (xfr#106, to-chk=962/1070)
restore-1  | attachments/6943c918caa35741608185.webp
restore-1  |          32,768  27%    1.30MB/s    0:00:00          118,952 100%    4.73MB/s    0:00:00 (xfr#107, to-chk=961/1070)
restore-1  | attachments/6943c918cbf61569725536.webp
restore-1  |          32,768  99%    1.30MB/s    0:00:00           32,782 100%    1.30MB/s    0:00:00 (xfr#108, to-chk=960/1070)
restore-1  | attachments/6943c918cd433561235492.webp
restore-1  |          25,146 100% 1023.19kB/s    0:00:00           25,146 100% 1023.19kB/s    0:00:00 (xfr#109, to-chk=959/1070)
restore-1  | attachments/6943c918ce95c023228252.webp
restore-1  |          16,790 100%  683.19kB/s    0:00:00           16,790 100%  683.19kB/s    0:00:00 (xfr#110, to-chk=958/1070)
restore-1  | attachments/6943c918cfe58346332470.webp
restore-1  |          14,410 100%  562.89kB/s    0:00:00           14,410 100%  562.89kB/s    0:00:00 (xfr#111, to-chk=957/1070)
restore-1  | attachments/6943c918d179a329499949.webp
restore-1  |          32,768  47%    1.25MB/s    0:00:00           68,284 100%    2.60MB/s    0:00:00 (xfr#112, to-chk=956/1070)
restore-1  | attachments/6943c918d2cad039610599.webp
restore-1  |          32,768  68%    1.25MB/s    0:00:00           48,028 100%    1.83MB/s    0:00:00 (xfr#113, to-chk=955/1070)
restore-1  | attachments/6943c918d4181829894686.webp
restore-1  |          32,768  23%    1.25MB/s    0:00:00          138,900 100%    5.09MB/s    0:00:00 (xfr#114, to-chk=954/1070)
restore-1  | attachments/6943c918d5654550953099.webp
restore-1  |          23,658 100%  888.60kB/s    0:00:00           23,658 100%  888.60kB/s    0:00:00 (xfr#115, to-chk=953/1070)
restore-1  | attachments/6943c918d6b23216299393.webp
restore-1  |          32,768  41%    1.20MB/s    0:00:00           78,598 100%    2.88MB/s    0:00:00 (xfr#116, to-chk=952/1070)
restore-1  | attachments/6943c918d7fa4114890739.webp
restore-1  |          32,768  85%    1.20MB/s    0:00:00           38,262 100%    1.40MB/s    0:00:00 (xfr#117, to-chk=951/1070)
restore-1  | attachments/6943c918d94ac691736170.webp
restore-1  |          32,768  27%    1.16MB/s    0:00:00          118,952 100%    4.20MB/s    0:00:00 (xfr#118, to-chk=950/1070)
restore-1  | attachments/6943c918da9e8860981776.webp
restore-1  |          32,768  99%    1.16MB/s    0:00:00           32,782 100%    1.16MB/s    0:00:00 (xfr#119, to-chk=949/1070)
restore-1  | attachments/6943c918dbea4777855851.webp
restore-1  |          25,146 100%  909.51kB/s    0:00:00           25,146 100%  909.51kB/s    0:00:00 (xfr#120, to-chk=948/1070)
restore-1  | attachments/6943c918dd339006772220.webp
restore-1  |          16,790 100%  607.28kB/s    0:00:00           16,790 100%  607.28kB/s    0:00:00 (xfr#121, to-chk=947/1070)
restore-1  | attachments/6943c918de848948211073.webp
restore-1  |          14,410 100%  502.58kB/s    0:00:00           14,410 100%  502.58kB/s    0:00:00 (xfr#122, to-chk=946/1070)
restore-1  | attachments/6943c918e00ea490812885.webp
restore-1  |          20,724 100%  722.80kB/s    0:00:00           20,724 100%  722.80kB/s    0:00:00 (xfr#123, to-chk=945/1070)
restore-1  | attachments/6943c918e159e546977247.webp
restore-1  |          32,768  47%    1.12MB/s    0:00:00           68,284 100%    2.33MB/s    0:00:00 (xfr#124, to-chk=944/1070)
restore-1  | attachments/6943c918e2a85711387400.webp
restore-1  |          32,768  68%    1.12MB/s    0:00:00           48,028 100%    1.64MB/s    0:00:00 (xfr#125, to-chk=943/1070)
restore-1  | attachments/6943c918e3fce912249427.webp
restore-1  |          32,768  23%    1.08MB/s    0:00:00          138,900 100%    4.57MB/s    0:00:00 (xfr#126, to-chk=942/1070)
restore-1  | attachments/6943c918e53e9982737894.webp
restore-1  |          23,658 100%  796.67kB/s    0:00:00           23,658 100%  796.67kB/s    0:00:00 (xfr#127, to-chk=941/1070)
restore-1  | attachments/6943c918e6918043935544.webp
restore-1  |          32,768  41%    1.08MB/s    0:00:00           78,598 100%    2.58MB/s    0:00:00 (xfr#128, to-chk=940/1070)
restore-1  | attachments/6943c918e7e74144385019.webp
restore-1  |          32,768  85%    1.08MB/s    0:00:00           38,262 100%    1.22MB/s    0:00:00 (xfr#129, to-chk=939/1070)
restore-1  | attachments/6943c918e93bc187326185.webp
restore-1  |          32,768  27%    1.04MB/s    0:00:00          118,952 100%    3.78MB/s    0:00:00 (xfr#130, to-chk=938/1070)
restore-1  | attachments/6943c918ea876305412710.webp
restore-1  |          32,768  99%    1.04MB/s    0:00:00           32,782 100%    1.04MB/s    0:00:00 (xfr#131, to-chk=937/1070)
restore-1  | attachments/6943c918ebd0e008959657.webp
restore-1  |          25,146 100%  818.55kB/s    0:00:00           25,146 100%  818.55kB/s    0:00:00 (xfr#132, to-chk=936/1070)
restore-1  | attachments/6943c918ed177239986584.webp
restore-1  |          16,790 100%  528.92kB/s    0:00:00           16,790 100%  528.92kB/s    0:00:00 (xfr#133, to-chk=935/1070)
restore-1  | attachments/6943c918ee500299494111.webp
restore-1  |          14,410 100%  453.94kB/s    0:00:00           14,410 100%  453.94kB/s    0:00:00 (xfr#134, to-chk=934/1070)
restore-1  | attachments/6943c918efe6e464026022.webp
restore-1  |          32,768  18%    1.01MB/s    0:00:00          176,926 100%    5.44MB/s    0:00:00 (xfr#135, to-chk=933/1070)
restore-1  | attachments/6943c918f12f8331859049.webp
restore-1  |          20,724 100%  632.45kB/s    0:00:00           20,724 100%  632.45kB/s    0:00:00 (xfr#136, to-chk=932/1070)
restore-1  | attachments/6943c918f2804280566328.webp
restore-1  |          32,768  47% 1000.00kB/s    0:00:00           68,284 100%    2.04MB/s    0:00:00 (xfr#137, to-chk=931/1070)
restore-1  | attachments/6943c918f3d1f446581187.webp
restore-1  |          32,768  68% 1000.00kB/s    0:00:00           48,028 100%    1.43MB/s    0:00:00 (xfr#138, to-chk=930/1070)
restore-1  | attachments/6943c91901135032683155.webp
restore-1  |          32,768  23% 1000.00kB/s    0:00:00          138,900 100%    4.01MB/s    0:00:00 (xfr#139, to-chk=929/1070)
restore-1  | attachments/6943c91902727819879306.webp
restore-1  |          23,658 100%  700.11kB/s    0:00:00           23,658 100%  700.11kB/s    0:00:00 (xfr#140, to-chk=928/1070)
restore-1  | attachments/6943c91903c9f722067822.webp
restore-1  |          32,768  41%  969.70kB/s    0:00:00           78,598 100%    2.27MB/s    0:00:00 (xfr#141, to-chk=927/1070)
restore-1  | attachments/6943c9190520b237659983.webp
restore-1  |          32,768  85%  969.70kB/s    0:00:00           38,262 100%    1.11MB/s    0:00:00 (xfr#142, to-chk=926/1070)
restore-1  | attachments/6943c9190670c227075717.webp
restore-1  |          32,768  27%  969.70kB/s    0:00:00          118,952 100%    3.34MB/s    0:00:00 (xfr#143, to-chk=925/1070)
restore-1  | attachments/6943c91907bab066549097.webp
restore-1  |          32,768  99%  941.18kB/s    0:00:00           32,782 100%  941.58kB/s    0:00:00 (xfr#144, to-chk=924/1070)
restore-1  | attachments/6943c91908fbb912127048.webp
restore-1  |          25,146 100%  722.25kB/s    0:00:00           25,146 100%  722.25kB/s    0:00:00 (xfr#145, to-chk=923/1070)
restore-1  | attachments/6943c9190a412932623361.webp
restore-1  |          16,790 100%  482.25kB/s    0:00:00           16,790 100%  482.25kB/s    0:00:00 (xfr#146, to-chk=922/1070)
restore-1  | attachments/6943c9190b7ec974920201.webp
restore-1  |          14,410 100%  413.89kB/s    0:00:00           14,410 100%  413.89kB/s    0:00:00 (xfr#147, to-chk=921/1070)
restore-1  | attachments/6943c9190d0b5257594409.webp
restore-1  |          32,768  55%  941.18kB/s    0:00:00           58,630 100%    1.64MB/s    0:00:00 (xfr#148, to-chk=920/1070)
restore-1  | attachments/6943c9190e764720607495.webp
restore-1  |          32,768  18%  941.18kB/s    0:00:00          176,926 100%    4.82MB/s    0:00:00 (xfr#149, to-chk=919/1070)
restore-1  | attachments/6943c9190fc20613364480.webp
restore-1  |          20,724 100%  578.24kB/s    0:00:00           20,724 100%  578.24kB/s    0:00:00 (xfr#150, to-chk=918/1070)
restore-1  | attachments/6943c91911170461191874.webp
restore-1  |          32,768  47%  914.29kB/s    0:00:00           68,284 100%    1.81MB/s    0:00:00 (xfr#151, to-chk=917/1070)
restore-1  | attachments/6943c91912725369027019.webp
restore-1  |          32,768  68%  888.89kB/s    0:00:00           48,028 100%    1.27MB/s    0:00:00 (xfr#152, to-chk=916/1070)
restore-1  | attachments/6943c91913d2b448899818.webp
restore-1  |          32,768  23%  888.89kB/s    0:00:00          138,900 100%    3.58MB/s    0:00:00 (xfr#153, to-chk=915/1070)
restore-1  | attachments/6943c919152d4972053598.webp
restore-1  |          23,658 100%  624.42kB/s    0:00:00           23,658 100%  624.42kB/s    0:00:00 (xfr#154, to-chk=914/1070)
restore-1  | attachments/6943c919168e0355123657.webp
restore-1  |          32,768  41%  864.86kB/s    0:00:00           78,598 100%    2.03MB/s    0:00:00 (xfr#155, to-chk=913/1070)
restore-1  | attachments/6943c91917e09634646487.webp
restore-1  |          32,768  85%  864.86kB/s    0:00:00           38,262 100% 1009.87kB/s    0:00:00 (xfr#156, to-chk=912/1070)
restore-1  | attachments/6943c91919339778837772.webp
restore-1  |          32,768  27%  864.86kB/s    0:00:00          118,952 100%    2.99MB/s    0:00:00 (xfr#157, to-chk=911/1070)
restore-1  | attachments/6943c9191a885420741883.webp
restore-1  |          32,768  99%  842.11kB/s    0:00:00           32,782 100%  842.47kB/s    0:00:00 (xfr#158, to-chk=910/1070)
restore-1  | attachments/6943c9191bd8e718424340.webp
restore-1  |          25,146 100%  646.23kB/s    0:00:00           25,146 100%  646.23kB/s    0:00:00 (xfr#159, to-chk=909/1070)
restore-1  | attachments/6943c9191d30e465460001.webp
restore-1  |          16,790 100%  431.49kB/s    0:00:00           16,790 100%  431.49kB/s    0:00:00 (xfr#160, to-chk=908/1070)
restore-1  | attachments/6943c9191e8ec800841114.webp
restore-1  |          14,410 100%  370.32kB/s    0:00:00           14,410 100%  370.32kB/s    0:00:00 (xfr#161, to-chk=907/1070)
restore-1  | attachments/6943c919203aa065854950.webp
restore-1  |          32,768  28%  842.11kB/s    0:00:00          116,530 100%    2.85MB/s    0:00:00 (xfr#162, to-chk=906/1070)
restore-1  | attachments/6943c91921a1b655636691.webp
restore-1  |          32,768  55%  820.51kB/s    0:00:00           58,630 100%    1.43MB/s    0:00:00 (xfr#163, to-chk=905/1070)
restore-1  | attachments/6943c919230d8577648533.webp
restore-1  |          32,768  18%  820.51kB/s    0:00:00          176,926 100%    4.22MB/s    0:00:00 (xfr#164, to-chk=904/1070)
restore-1  | attachments/6943c91924828253878702.webp
restore-1  |          20,724 100%  505.96kB/s    0:00:00           20,724 100%  505.96kB/s    0:00:00 (xfr#165, to-chk=903/1070)
restore-1  | attachments/6943c91925ea7490697385.webp
restore-1  |          32,768  47%  800.00kB/s    0:00:00           68,284 100%    1.59MB/s    0:00:00 (xfr#166, to-chk=902/1070)
restore-1  | attachments/6943c91927448132383851.webp
restore-1  |          32,768  68%  780.49kB/s    0:00:00           48,028 100%    1.12MB/s    0:00:00 (xfr#167, to-chk=901/1070)
restore-1  | attachments/6943c91928997203918851.webp
restore-1  |          32,768  23%  780.49kB/s    0:00:00          138,900 100%    3.23MB/s    0:00:00 (xfr#168, to-chk=900/1070)
restore-1  | attachments/6943c91929ef0117066005.webp
restore-1  |          23,658 100%  550.08kB/s    0:00:00           23,658 100%  550.08kB/s    0:00:00 (xfr#169, to-chk=899/1070)
restore-1  | attachments/6943c9192b441959352715.webp
restore-1  |          32,768  41%  761.90kB/s    0:00:00           78,598 100%    1.78MB/s    0:00:00 (xfr#170, to-chk=898/1070)
restore-1  | attachments/6943c9192c92c903480349.webp
restore-1  |          32,768  85%  761.90kB/s    0:00:00           38,262 100%  889.65kB/s    0:00:00 (xfr#171, to-chk=897/1070)
restore-1  | attachments/6943c9192ddfa097851730.webp
restore-1  |          32,768  27%  761.90kB/s    0:00:00          118,952 100%    2.64MB/s    0:00:00 (xfr#172, to-chk=896/1070)
restore-1  | attachments/6943c9192f36a410754327.webp
restore-1  |          32,768  99%  744.19kB/s    0:00:00           32,782 100%  744.50kB/s    0:00:00 (xfr#173, to-chk=895/1070)
restore-1  | attachments/6943c91930886030775361.webp
restore-1  |          25,146 100%  571.08kB/s    0:00:00           25,146 100%  571.08kB/s    0:00:00 (xfr#174, to-chk=894/1070)
restore-1  | attachments/6943c91931e46885575616.webp
restore-1  |          16,790 100%  381.31kB/s    0:00:00           16,790 100%  381.31kB/s    0:00:00 (xfr#175, to-chk=893/1070)
restore-1  | attachments/6943c9193341f180331462.webp
restore-1  |          14,410 100%  327.26kB/s    0:00:00           14,410 100%  327.26kB/s    0:00:00 (xfr#176, to-chk=892/1070)
restore-1  | attachments/6943c91934f13281733760.webp
restore-1  |          32,768  77%  744.19kB/s    0:00:00           42,358 100%  961.98kB/s    0:00:00 (xfr#177, to-chk=891/1070)
restore-1  | attachments/6943c919365d9941815125.webp
restore-1  |          32,768  28%  744.19kB/s    0:00:00          116,530 100%    2.53MB/s    0:00:00 (xfr#178, to-chk=890/1070)
restore-1  | attachments/6943c91937bc2165990362.webp
restore-1  |          32,768  55%  727.27kB/s    0:00:00           58,630 100%    1.27MB/s    0:00:00 (xfr#179, to-chk=889/1070)
restore-1  | attachments/6943c91939191039751883.webp
restore-1  |          32,768  18%  727.27kB/s    0:00:00          176,926 100%    3.75MB/s    0:00:00 (xfr#180, to-chk=888/1070)
restore-1  | attachments/6943c9193a7a4955103384.webp
restore-1  |          20,724 100%  449.74kB/s    0:00:00           20,724 100%  449.74kB/s    0:00:00 (xfr#181, to-chk=887/1070)
restore-1  | attachments/6943c9193bdf6402079064.webp
restore-1  |          32,768  47%  711.11kB/s    0:00:00           68,284 100%    1.45MB/s    0:00:00 (xfr#182, to-chk=886/1070)
restore-1  | attachments/6943c9193d3c9860508037.webp
restore-1  |          32,768  68%  695.65kB/s    0:00:00           48,028 100% 1019.62kB/s    0:00:00 (xfr#183, to-chk=885/1070)
restore-1  | attachments/6943c9193ea5f890651542.webp
restore-1  |          32,768  23%  695.65kB/s    0:00:00          138,900 100%    2.88MB/s    0:00:00 (xfr#184, to-chk=884/1070)
restore-1  | attachments/6943c919400ba424770750.webp
restore-1  |          23,658 100%  502.25kB/s    0:00:00           23,658 100%  502.25kB/s    0:00:00 (xfr#185, to-chk=883/1070)
restore-1  | attachments/6943c91941719782073456.webp
restore-1  |          32,768  41%  680.85kB/s    0:00:00           78,598 100%    1.59MB/s    0:00:00 (xfr#186, to-chk=882/1070)
restore-1  | attachments/6943c91942d4a710698049.webp
restore-1  |          32,768  85%  680.85kB/s    0:00:00           38,262 100%  795.00kB/s    0:00:00 (xfr#187, to-chk=881/1070)
restore-1  | attachments/6943c919443de701481512.webp
restore-1  |          32,768  27%  666.67kB/s    0:00:00          118,952 100%    2.36MB/s    0:00:00 (xfr#188, to-chk=880/1070)
restore-1  | attachments/6943c91945978586881301.webp
restore-1  |          32,768  99%  653.06kB/s    0:00:00           32,782 100%  653.34kB/s    0:00:00 (xfr#189, to-chk=879/1070)
restore-1  | attachments/6943c91946e7b805806416.webp
restore-1  |          25,146 100%  501.16kB/s    0:00:00           25,146 100%  501.16kB/s    0:00:00 (xfr#190, to-chk=878/1070)
restore-1  | attachments/6943c919482aa889632589.webp
restore-1  |          16,790 100%  334.62kB/s    0:00:00           16,790 100%  334.62kB/s    0:00:00 (xfr#191, to-chk=877/1070)
restore-1  | attachments/6943c919496e0215870552.webp
restore-1  |          14,410 100%  287.19kB/s    0:00:00           14,410 100%  287.19kB/s    0:00:00 (xfr#192, to-chk=876/1070)
restore-1  | attachments/6943c9194afd8557624232.webp
restore-1  |          32,768  45%  653.06kB/s    0:00:00           71,552 100%    1.39MB/s    0:00:00 (xfr#193, to-chk=875/1070)
restore-1  | attachments/6943c9194c563386747456.webp
restore-1  |          32,768  77%  640.00kB/s    0:00:00           42,358 100%  827.30kB/s    0:00:00 (xfr#194, to-chk=874/1070)
restore-1  | attachments/6943c9194da31381167458.webp
restore-1  |          32,768  28%  640.00kB/s    0:00:00          116,530 100%    2.18MB/s    0:00:00 (xfr#195, to-chk=873/1070)
restore-1  | attachments/6943c9194ef31991007541.webp
restore-1  |          32,768  55%  627.45kB/s    0:00:00           58,630 100%    1.10MB/s    0:00:00 (xfr#196, to-chk=872/1070)
restore-1  | attachments/6943c91950464039402113.webp
restore-1  |          32,768  18%  615.38kB/s    0:00:00          176,926 100%    3.18MB/s    0:00:00 (xfr#197, to-chk=871/1070)
restore-1  | attachments/6943c919519ac398908671.webp
restore-1  |          20,724 100%  381.85kB/s    0:00:00           20,724 100%  381.85kB/s    0:00:00 (xfr#198, to-chk=870/1070)
restore-1  | attachments/6943c91952f5c191629565.webp
restore-1  |          32,768  47%  603.77kB/s    0:00:00           68,284 100%    1.21MB/s    0:00:00 (xfr#199, to-chk=869/1070)
restore-1  | attachments/6943c919544ed265717322.webp
restore-1  |          32,768  68%  592.59kB/s    0:00:00           48,028 100%  868.56kB/s    0:00:00 (xfr#200, to-chk=868/1070)
restore-1  | attachments/6943c91955ae9766750099.webp
restore-1  |          32,768  23%  592.59kB/s    0:00:00          138,900 100%    2.41MB/s    0:00:00 (xfr#201, to-chk=867/1070)
restore-1  | attachments/6943c9195708c745730679.webp
restore-1  |          23,658 100%  420.06kB/s    0:00:00           23,658 100%  420.06kB/s    0:00:00 (xfr#202, to-chk=866/1070)
restore-1  | attachments/6943c91958602335420444.webp
restore-1  |          32,768  41%  581.82kB/s    0:00:00           78,598 100%    1.36MB/s    0:00:00 (xfr#203, to-chk=865/1070)
restore-1  | attachments/6943c91959b2b918125059.webp
restore-1  |          32,768  85%  581.82kB/s    0:00:00           38,262 100%  679.37kB/s    0:00:00 (xfr#204, to-chk=864/1070)
restore-1  | attachments/6943c9195b084773818901.webp
restore-1  |          32,768  27%  571.43kB/s    0:00:00          118,952 100%    2.03MB/s    0:00:00 (xfr#205, to-chk=863/1070)
restore-1  | attachments/6943c9195c503815101252.webp
restore-1  |          32,768  99%  561.40kB/s    0:00:00           32,782 100%  561.64kB/s    0:00:00 (xfr#206, to-chk=862/1070)
restore-1  | attachments/6943c9195d934020298087.webp
restore-1  |          25,146 100%  430.82kB/s    0:00:00           25,146 100%  430.82kB/s    0:00:00 (xfr#207, to-chk=861/1070)
restore-1  | attachments/6943c9195edc2346387095.webp
restore-1  |          16,790 100%  287.66kB/s    0:00:00           16,790 100%  287.66kB/s    0:00:00 (xfr#208, to-chk=860/1070)
restore-1  | attachments/6943c919601fe303945732.webp
restore-1  |          14,410 100%  246.88kB/s    0:00:00           14,410 100%  246.88kB/s    0:00:00 (xfr#209, to-chk=859/1070)
restore-1  | attachments/6943c91961a40439255525.webp
restore-1  |          25,440 100%  428.34kB/s    0:00:00           25,440 100%  428.34kB/s    0:00:00 (xfr#210, to-chk=858/1070)
restore-1  | attachments/6943c91962f5a664218360.webp
restore-1  |          32,768  45%  551.72kB/s    0:00:00           71,552 100%    1.16MB/s    0:00:00 (xfr#211, to-chk=857/1070)
restore-1  | attachments/6943c91964409070801761.webp
restore-1  |          32,768  77%  542.37kB/s    0:00:00           42,358 100%  701.11kB/s    0:00:00 (xfr#212, to-chk=856/1070)
restore-1  | attachments/6943c919658fc896102281.webp
restore-1  |          32,768  28%  533.33kB/s    0:00:00          116,530 100%    1.85MB/s    0:00:00 (xfr#213, to-chk=855/1070)
restore-1  | attachments/6943c91966ecd288596168.webp
restore-1  |          32,768  55%  533.33kB/s    0:00:00           58,630 100%  938.62kB/s    0:00:00 (xfr#214, to-chk=854/1070)
restore-1  | attachments/6943c919684c2007166133.webp
restore-1  |          32,768  18%  524.59kB/s    0:00:00          176,926 100%    2.72MB/s    0:00:00 (xfr#215, to-chk=853/1070)
restore-1  | attachments/6943c91969a1b154115600.webp
restore-1  |          20,724 100%  321.24kB/s    0:00:00           20,724 100%  321.24kB/s    0:00:00 (xfr#216, to-chk=852/1070)
restore-1  | attachments/6943c9196af2d851173703.webp
restore-1  |          32,768  47%  507.94kB/s    0:00:00           68,284 100%    1.03MB/s    0:00:00 (xfr#217, to-chk=851/1070)
restore-1  | attachments/6943c9196c51e346418181.webp
restore-1  |          32,768  68%  507.94kB/s    0:00:00           48,028 100%  744.48kB/s    0:00:00 (xfr#218, to-chk=850/1070)
restore-1  | attachments/6943c9196db56059364578.webp
restore-1  |          32,768  23%  500.00kB/s    0:00:00          138,900 100%    2.07MB/s    0:00:00 (xfr#219, to-chk=849/1070)
restore-1  | attachments/6943c9196f176457059644.webp
restore-1  |          23,658 100%  355.44kB/s    0:00:00           23,658 100%  355.44kB/s    0:00:00 (xfr#220, to-chk=848/1070)
restore-1  | attachments/6943c91978e0c085850681.webp
restore-1  |          32,768  41%  492.31kB/s    0:00:00           78,598 100%    1.15MB/s    0:00:00 (xfr#221, to-chk=847/1070)
restore-1  | attachments/6943c9197a440704917410.webp
restore-1  |          32,768  85%  484.85kB/s    0:00:00           38,262 100%  566.14kB/s    0:00:00 (xfr#222, to-chk=846/1070)
restore-1  | attachments/6943c9197bb33558148837.webp
restore-1  |          32,768  27%  484.85kB/s    0:00:00          118,952 100%    1.69MB/s    0:00:00 (xfr#223, to-chk=845/1070)
restore-1  | attachments/6943c9197d147093305234.webp
restore-1  |          32,768  99%  477.61kB/s    0:00:00           32,782 100%  477.82kB/s    0:00:00 (xfr#224, to-chk=844/1070)
restore-1  | attachments/6943c9197e70d293390782.webp
restore-1  |          25,146 100%  366.52kB/s    0:00:00           25,146 100%  366.52kB/s    0:00:00 (xfr#225, to-chk=843/1070)
restore-1  | attachments/6943c9197fcf1301325506.webp
restore-1  |          16,790 100%  244.72kB/s    0:00:00           16,790 100%  244.72kB/s    0:00:00 (xfr#226, to-chk=842/1070)
restore-1  | attachments/6943c91981321105625897.webp
restore-1  |          14,410 100%  210.03kB/s    0:00:00           14,410 100%  210.03kB/s    0:00:00 (xfr#227, to-chk=841/1070)
restore-1  | attachments/6943c91982dbb736060913.webp
restore-1  |          31,244 100%  455.40kB/s    0:00:00           31,244 100%  455.40kB/s    0:00:00 (xfr#228, to-chk=840/1070)
restore-1  | attachments/6943c91984392447348379.webp
restore-1  |          25,440 100%  365.35kB/s    0:00:00           25,440 100%  365.35kB/s    0:00:00 (xfr#229, to-chk=839/1070)
restore-1  | attachments/6943c9198595f062244818.webp
restore-1  |          32,768  45%  470.59kB/s    0:00:00           71,552 100% 1012.68kB/s    0:00:00 (xfr#230, to-chk=838/1070)
restore-1  | attachments/6943c91986f2e756971966.webp
restore-1  |          32,768  77%  463.77kB/s    0:00:00           42,358 100%  599.50kB/s    0:00:00 (xfr#231, to-chk=837/1070)
restore-1  | attachments/6943c919884df613309355.webp
restore-1  |          32,768  28%  457.14kB/s    0:00:00          116,530 100%    1.57MB/s    0:00:00 (xfr#232, to-chk=836/1070)
restore-1  | attachments/6943c91989a83742691537.webp
restore-1  |          32,768  55%  450.70kB/s    0:00:00           58,630 100%  806.42kB/s    0:00:00 (xfr#233, to-chk=835/1070)
restore-1  | attachments/6943c9198b14c762078427.webp
restore-1  |          32,768  18%  450.70kB/s    0:00:00          176,926 100%    2.34MB/s    0:00:00 (xfr#234, to-chk=834/1070)
restore-1  | attachments/6943c9198c6bd677291684.webp
restore-1  |          20,724 100%  281.09kB/s    0:00:00           20,724 100%  281.09kB/s    0:00:00 (xfr#235, to-chk=833/1070)
restore-1  | attachments/6943c9198dbee803750443.webp
restore-1  |          32,768  47%  438.36kB/s    0:00:00           68,284 100%  913.47kB/s    0:00:00 (xfr#236, to-chk=832/1070)
restore-1  | attachments/6943c9198f0c6083861926.webp
restore-1  |          32,768  68%  432.43kB/s    0:00:00           48,028 100%  625.36kB/s    0:00:00 (xfr#237, to-chk=831/1070)
restore-1  | attachments/6943c9199074a681478507.webp
restore-1  |          32,768  23%  426.67kB/s    0:00:00          138,900 100%    1.74MB/s    0:00:00 (xfr#238, to-chk=830/1070)
restore-1  | attachments/6943c91991d75774358685.webp
restore-1  |          23,658 100%  303.99kB/s    0:00:00           23,658 100%  303.99kB/s    0:00:00 (xfr#239, to-chk=829/1070)
restore-1  | attachments/6943c919933bc969656502.webp
restore-1  |          32,768  41%  421.05kB/s    0:00:00           78,598 100%  996.83kB/s    0:00:00 (xfr#240, to-chk=828/1070)
restore-1  | attachments/6943c91994a25680093015.webp
restore-1  |          32,768  85%  415.58kB/s    0:00:00           38,262 100%  485.26kB/s    0:00:00 (xfr#241, to-chk=827/1070)
restore-1  | attachments/6943c91995fdc054390568.webp
restore-1  |          32,768  27%  415.58kB/s    0:00:00          118,952 100%    1.47MB/s    0:00:00 (xfr#242, to-chk=826/1070)
restore-1  | attachments/6943c9199745d246051354.webp
restore-1  |          32,768  99%  410.26kB/s    0:00:00           32,782 100%  410.43kB/s    0:00:00 (xfr#243, to-chk=825/1070)
restore-1  | attachments/6943c9199891a860865577.webp
restore-1  |          25,146 100%  314.83kB/s    0:00:00           25,146 100%  314.83kB/s    0:00:00 (xfr#244, to-chk=824/1070)
restore-1  | attachments/6943c91999d96936563805.webp
restore-1  |          16,790 100%  210.21kB/s    0:00:00           16,790 100%  210.21kB/s    0:00:00 (xfr#245, to-chk=823/1070)
restore-1  | attachments/6943c9199b177605851535.webp
restore-1  |          14,410 100%  180.41kB/s    0:00:00           14,410 100%  180.41kB/s    0:00:00 (xfr#246, to-chk=822/1070)
restore-1  | attachments/6943c9199c9a4361181297.webp
restore-1  |          11,400 100%  142.73kB/s    0:00:00           11,400 100%  142.73kB/s    0:00:00 (xfr#247, to-chk=821/1070)
restore-1  | attachments/6943c9199ddab322607153.webp
restore-1  |          31,244 100%  391.18kB/s    0:00:00           31,244 100%  391.18kB/s    0:00:00 (xfr#248, to-chk=820/1070)
restore-1  | attachments/6943c9199f3fd213233265.webp
restore-1  |          25,440 100%  318.51kB/s    0:00:00           25,440 100%  318.51kB/s    0:00:00 (xfr#249, to-chk=819/1070)
restore-1  | attachments/6943c919a09fc673338816.webp
restore-1  |          32,768  45%  405.06kB/s    0:00:00           71,552 100%  884.49kB/s    0:00:00 (xfr#250, to-chk=818/1070)
restore-1  | attachments/6943c919a20a3404688820.webp
restore-1  |          32,768  77%  400.00kB/s    0:00:00           42,358 100%  517.07kB/s    0:00:00 (xfr#251, to-chk=817/1070)
restore-1  | attachments/6943c919a375e862190408.webp
restore-1  |          32,768  28%  400.00kB/s    0:00:00          116,530 100%    1.39MB/s    0:00:00 (xfr#252, to-chk=816/1070)
restore-1  | attachments/6943c919a4d96317536441.webp
restore-1  |          32,768  55%  395.06kB/s    0:00:00           58,630 100%  706.86kB/s    0:00:00 (xfr#253, to-chk=815/1070)
restore-1  | attachments/6943c919a6354424004392.webp
restore-1  |          32,768  18%  390.24kB/s    0:00:00          176,926 100%    2.03MB/s    0:00:00 (xfr#254, to-chk=814/1070)
restore-1  | attachments/6943c919a792a076381119.webp
restore-1  |          20,724 100%  240.93kB/s    0:00:00           20,724 100%  240.93kB/s    0:00:00 (xfr#255, to-chk=813/1070)
restore-1  | attachments/6943c919a8ef2029076793.webp
restore-1  |          32,768  47%  380.95kB/s    0:00:00           68,284 100%  784.51kB/s    0:00:00 (xfr#256, to-chk=812/1070)
restore-1  | attachments/6943c919aa416576418283.webp
restore-1  |          32,768  68%  376.47kB/s    0:00:00           48,028 100%  551.79kB/s    0:00:00 (xfr#257, to-chk=811/1070)
restore-1  | attachments/6943c919ab99c914644160.webp
restore-1  |          32,768  23%  376.47kB/s    0:00:00          138,900 100%    1.54MB/s    0:00:00 (xfr#258, to-chk=810/1070)
restore-1  | attachments/6943c919acef9852038666.webp
restore-1  |          23,658 100%  268.65kB/s    0:00:00           23,658 100%  268.65kB/s    0:00:00 (xfr#259, to-chk=809/1070)
restore-1  | attachments/6943c919ae451775270039.webp
restore-1  |          32,768  41%  372.09kB/s    0:00:00           78,598 100%  882.25kB/s    0:00:00 (xfr#260, to-chk=808/1070)
restore-1  | attachments/6943c919afb53501587028.webp
restore-1  |          32,768  85%  367.82kB/s    0:00:00           38,262 100%  429.49kB/s    0:00:00 (xfr#261, to-chk=807/1070)
restore-1  | attachments/6943c919b1199104249587.webp
restore-1  |          32,768  27%  363.64kB/s    0:00:00          118,952 100%    1.29MB/s    0:00:00 (xfr#262, to-chk=806/1070)
restore-1  | attachments/6943c919b27b4970079332.webp
restore-1  |          32,768  99%  359.55kB/s    0:00:00           32,782 100%  359.70kB/s    0:00:00 (xfr#263, to-chk=805/1070)
restore-1  | attachments/6943c919b3d05093258983.webp
restore-1  |          25,146 100%  275.92kB/s    0:00:00           25,146 100%  275.92kB/s    0:00:00 (xfr#264, to-chk=804/1070)
restore-1  | attachments/6943c919b5175115552211.webp
restore-1  |          16,790 100%  184.23kB/s    0:00:00           16,790 100%  184.23kB/s    0:00:00 (xfr#265, to-chk=803/1070)
restore-1  | attachments/6943c919b6570744118158.webp
restore-1  |          14,410 100%  158.12kB/s    0:00:00           14,410 100%  158.12kB/s    0:00:00 (xfr#266, to-chk=802/1070)
restore-1  | attachments/6943c919b7fcb541391230.webp
restore-1  |          32,768  54%  355.56kB/s    0:00:00           60,496 100%  656.42kB/s    0:00:00 (xfr#267, to-chk=801/1070)
restore-1  | attachments/6943c919b94b0277808415.webp
restore-1  |          11,400 100%  122.34kB/s    0:00:00           11,400 100%  122.34kB/s    0:00:00 (xfr#268, to-chk=800/1070)
restore-1  | attachments/6943c919ba97d855562816.webp
restore-1  |          31,244 100%  335.29kB/s    0:00:00           31,244 100%  335.29kB/s    0:00:00 (xfr#269, to-chk=799/1070)
restore-1  | attachments/6943c919bbecf541634204.webp
restore-1  |          25,440 100%  270.04kB/s    0:00:00           25,440 100%  270.04kB/s    0:00:00 (xfr#270, to-chk=798/1070)
restore-1  | attachments/6943c919bd3b9290382826.webp
restore-1  |          32,768  45%  347.83kB/s    0:00:00           71,552 100%  751.34kB/s    0:00:00 (xfr#271, to-chk=797/1070)
restore-1  | attachments/6943c919be8a1494475146.webp
restore-1  |          32,768  77%  344.09kB/s    0:00:00           42,358 100%  444.79kB/s    0:00:00 (xfr#272, to-chk=796/1070)
restore-1  | attachments/6943c919bfd7a705430154.webp
restore-1  |          32,768  28%  340.43kB/s    0:00:00          116,530 100%    1.17MB/s    0:00:00 (xfr#273, to-chk=795/1070)
restore-1  | attachments/6943c919c126d223443532.webp
restore-1  |          32,768  55%  336.84kB/s    0:00:00           58,630 100%  602.69kB/s    0:00:00 (xfr#274, to-chk=794/1070)
restore-1  | attachments/6943c919c27e5500014426.webp
restore-1  |          32,768  18%  336.84kB/s    0:00:00          176,926 100%    1.76MB/s    0:00:00 (xfr#275, to-chk=793/1070)
restore-1  | attachments/6943c919c3cd8353931167.webp
restore-1  |          20,724 100%  210.82kB/s    0:00:00           20,724 100%  210.82kB/s    0:00:00 (xfr#276, to-chk=792/1070)
restore-1  | attachments/6943c919c5106802271670.webp
restore-1  |          32,768  47%  333.33kB/s    0:00:00           68,284 100%  694.62kB/s    0:00:00 (xfr#277, to-chk=791/1070)
restore-1  | attachments/6943c919c64dc621460383.webp
restore-1  |          32,768  68%  329.90kB/s    0:00:00           48,028 100%  483.53kB/s    0:00:00 (xfr#278, to-chk=790/1070)
restore-1  | attachments/6943c919c78ec383785621.webp
restore-1  |          32,768  23%  329.90kB/s    0:00:00          138,900 100%    1.37MB/s    0:00:00 (xfr#279, to-chk=789/1070)
restore-1  | attachments/6943c919c8cbf828005330.webp
restore-1  |          23,658 100%  238.18kB/s    0:00:00           23,658 100%  238.18kB/s    0:00:00 (xfr#280, to-chk=788/1070)
restore-1  | attachments/6943c919ca0e2926018673.webp
restore-1  |          32,768  41%  326.53kB/s    0:00:00           78,598 100%  783.22kB/s    0:00:00 (xfr#281, to-chk=787/1070)
restore-1  | attachments/6943c919cb4cc813930209.webp
restore-1  |          32,768  85%  326.53kB/s    0:00:00           38,262 100%  381.28kB/s    0:00:00 (xfr#282, to-chk=786/1070)
restore-1  | attachments/6943c919cc8fa895503404.webp
restore-1  |          32,768  27%  326.53kB/s    0:00:00          118,952 100%    1.16MB/s    0:00:00 (xfr#283, to-chk=785/1070)
restore-1  | attachments/6943c919cdd0b594243542.webp
restore-1  |          32,768  99%  323.23kB/s    0:00:00           32,782 100%  323.37kB/s    0:00:00 (xfr#284, to-chk=784/1070)
restore-1  | attachments/6943c919cf0f4068911581.webp
restore-1  |          25,146 100%  248.05kB/s    0:00:00           25,146 100%  248.05kB/s    0:00:00 (xfr#285, to-chk=783/1070)
restore-1  | attachments/6943c919d06ce135333175.webp
restore-1  |          16,790 100%  165.62kB/s    0:00:00           16,790 100%  165.62kB/s    0:00:00 (xfr#286, to-chk=782/1070)
restore-1  | attachments/6943c919d1b80868991215.webp
restore-1  |          14,410 100%  142.14kB/s    0:00:00           14,410 100%  142.14kB/s    0:00:00 (xfr#287, to-chk=781/1070)
restore-1  | attachments/6943c919d3385871837429.webp
restore-1  |          24,634 100%  243.00kB/s    0:00:00           24,634 100%  243.00kB/s    0:00:00 (xfr#288, to-chk=780/1070)
restore-1  | attachments/6943c919d472e833003933.webp
restore-1  |          32,768  54%  323.23kB/s    0:00:00           60,496 100%  596.75kB/s    0:00:00 (xfr#289, to-chk=779/1070)
restore-1  | attachments/6943c919d59cd073963087.webp
restore-1  |          11,400 100%  111.33kB/s    0:00:00           11,400 100%  111.33kB/s    0:00:00 (xfr#290, to-chk=778/1070)
restore-1  | attachments/6943c919d6cdd925421892.webp
restore-1  |          31,244 100%  305.12kB/s    0:00:00           31,244 100%  305.12kB/s    0:00:00 (xfr#291, to-chk=777/1070)
restore-1  | attachments/6943c919d8033870525594.webp
restore-1  |          25,440 100%  248.44kB/s    0:00:00           25,440 100%  248.44kB/s    0:00:00 (xfr#292, to-chk=776/1070)
restore-1  | attachments/6943c919d941d178461172.webp
restore-1  |          32,768  45%  320.00kB/s    0:00:00           71,552 100%  698.75kB/s    0:00:00 (xfr#293, to-chk=775/1070)
restore-1  | attachments/6943c919da7a9145612445.webp
restore-1  |          32,768  77%  316.83kB/s    0:00:00           42,358 100%  409.56kB/s    0:00:00 (xfr#294, to-chk=774/1070)
restore-1  | attachments/6943c919dbafd537254539.webp
restore-1  |          32,768  28%  316.83kB/s    0:00:00          116,530 100%    1.09MB/s    0:00:00 (xfr#295, to-chk=773/1070)
restore-1  | attachments/6943c919dcf9b070955093.webp
restore-1  |          32,768  55%  313.73kB/s    0:00:00           58,630 100%  561.33kB/s    0:00:00 (xfr#296, to-chk=772/1070)
restore-1  | attachments/6943c919de505903040464.webp
restore-1  |          32,768  18%  313.73kB/s    0:00:00          176,926 100%    1.64MB/s    0:00:00 (xfr#297, to-chk=771/1070)
restore-1  | attachments/6943c919dfad5485268515.webp
restore-1  |          20,724 100%  196.49kB/s    0:00:00           20,724 100%  196.49kB/s    0:00:00 (xfr#298, to-chk=770/1070)
restore-1  | attachments/6943c919e0fe4197725132.webp
restore-1  |          32,768  47%  310.68kB/s    0:00:00           68,284 100%  647.41kB/s    0:00:00 (xfr#299, to-chk=769/1070)
restore-1  | attachments/6943c919e24ac104686748.webp
restore-1  |          32,768  68%  307.69kB/s    0:00:00           48,028 100%  450.98kB/s    0:00:00 (xfr#300, to-chk=768/1070)
restore-1  | attachments/6943c919e39da339058546.webp
restore-1  |          32,768  23%  307.69kB/s    0:00:00          138,900 100%    1.27MB/s    0:00:00 (xfr#301, to-chk=767/1070)
restore-1  | attachments/6943c919e4e87379859419.webp
restore-1  |          23,658 100%  222.15kB/s    0:00:00           23,658 100%  222.15kB/s    0:00:00 (xfr#302, to-chk=766/1070)
restore-1  | attachments/6943c919e635b868012720.webp
restore-1  |          32,768  41%  304.76kB/s    0:00:00           78,598 100%  731.01kB/s    0:00:00 (xfr#303, to-chk=765/1070)
restore-1  | attachments/6943c919e77e1262653277.webp
restore-1  |          32,768  85%  304.76kB/s    0:00:00           38,262 100%  355.86kB/s    0:00:00 (xfr#304, to-chk=764/1070)
restore-1  | attachments/6943c919e8dd8975649398.webp
restore-1  |          32,768  27%  304.76kB/s    0:00:00          118,952 100%    1.07MB/s    0:00:00 (xfr#305, to-chk=763/1070)
restore-1  | attachments/6943c919ea2cb440907972.webp
restore-1  |          32,768  99%  301.89kB/s    0:00:00           32,782 100%  302.02kB/s    0:00:00 (xfr#306, to-chk=762/1070)
restore-1  | attachments/6943c919eb6d3460820081.webp
restore-1  |          25,146 100%  231.67kB/s    0:00:00           25,146 100%  231.67kB/s    0:00:00 (xfr#307, to-chk=761/1070)
restore-1  | attachments/6943c919ecaec864959027.webp
restore-1  |          16,790 100%  154.68kB/s    0:00:00           16,790 100%  154.68kB/s    0:00:00 (xfr#308, to-chk=760/1070)
restore-1  | attachments/6943c919edfd0896547862.webp
restore-1  |          14,410 100%  132.76kB/s    0:00:00           14,410 100%  132.76kB/s    0:00:00 (xfr#309, to-chk=759/1070)
restore-1  | attachments/6943c919ef8a8552092127.webp
restore-1  |          32,768  69%  301.89kB/s    0:00:00           46,862 100%  427.70kB/s    0:00:00 (xfr#310, to-chk=758/1070)
restore-1  | attachments/6943c919f0d84857414141.webp
restore-1  |          24,634 100%  224.83kB/s    0:00:00           24,634 100%  224.83kB/s    0:00:00 (xfr#311, to-chk=757/1070)
restore-1  | attachments/6943c919f22e1553783947.webp
restore-1  |          32,768  54%  299.07kB/s    0:00:00           60,496 100%  552.13kB/s    0:00:00 (xfr#312, to-chk=756/1070)
restore-1  | attachments/6943c919f3715354719520.webp
restore-1  |          11,400 100%  104.04kB/s    0:00:00           11,400 100%  104.04kB/s    0:00:00 (xfr#313, to-chk=755/1070)
restore-1  | attachments/6943c91a0099f167644912.webp
restore-1  |          31,244 100%  282.52kB/s    0:00:00           31,244 100%  282.52kB/s    0:00:00 (xfr#314, to-chk=754/1070)
restore-1  | attachments/6943c91a01f62018643908.webp
restore-1  |          25,440 100%  230.03kB/s    0:00:00           25,440 100%  230.03kB/s    0:00:00 (xfr#315, to-chk=753/1070)
restore-1  | attachments/6943c91a035d0472428759.webp
restore-1  |          32,768  45%  296.30kB/s    0:00:00           71,552 100%  646.99kB/s    0:00:00 (xfr#316, to-chk=752/1070)
restore-1  | attachments/6943c91a04df9510333206.webp
restore-1  |          32,768  77%  293.58kB/s    0:00:00           42,358 100%  379.50kB/s    0:00:00 (xfr#317, to-chk=751/1070)
restore-1  | attachments/6943c91a06506671567544.webp
restore-1  |          32,768  28%  293.58kB/s    0:00:00          116,530 100%    1.02MB/s    0:00:00 (xfr#318, to-chk=750/1070)
restore-1  | attachments/6943c91a07bc3630915692.webp
restore-1  |          32,768  55%  293.58kB/s    0:00:00           58,630 100%  525.28kB/s    0:00:00 (xfr#319, to-chk=749/1070)
restore-1  | attachments/6943c91a091f5971760312.webp
restore-1  |          32,768  18%  290.91kB/s    0:00:00          176,926 100%    1.53MB/s    0:00:00 (xfr#320, to-chk=748/1070)
restore-1  | attachments/6943c91a0a7d8355653021.webp
restore-1  |          20,724 100%  183.98kB/s    0:00:00           20,724 100%  183.98kB/s    0:00:00 (xfr#321, to-chk=747/1070)
restore-1  | attachments/6943c91a0bdc3972376506.webp
restore-1  |          32,768  47%  290.91kB/s    0:00:00           68,284 100%  606.21kB/s    0:00:00 (xfr#322, to-chk=746/1070)
restore-1  | attachments/6943c91a0d493972028446.webp
restore-1  |          32,768  68%  288.29kB/s    0:00:00           48,028 100%  422.54kB/s    0:00:00 (xfr#323, to-chk=745/1070)
restore-1  | attachments/6943c91a0eb0f038599164.webp
restore-1  |          32,768  23%  288.29kB/s    0:00:00          138,900 100%    1.19MB/s    0:00:00 (xfr#324, to-chk=744/1070)
restore-1  | attachments/6943c91a10110685201350.webp
restore-1  |          23,658 100%  208.14kB/s    0:00:00           23,658 100%  208.14kB/s    0:00:00 (xfr#325, to-chk=743/1070)
restore-1  | attachments/6943c91a11734910111305.webp
restore-1  |          32,768  41%  285.71kB/s    0:00:00           78,598 100%  685.32kB/s    0:00:00 (xfr#326, to-chk=742/1070)
restore-1  | attachments/6943c91a12cfe837056025.webp
restore-1  |          32,768  85%  285.71kB/s    0:00:00           38,262 100%  333.62kB/s    0:00:00 (xfr#327, to-chk=741/1070)
restore-1  | attachments/6943c91a14388971304461.webp
restore-1  |          32,768  27%  283.19kB/s    0:00:00          118,952 100%    1.00MB/s    0:00:00 (xfr#328, to-chk=740/1070)
restore-1  | attachments/6943c91a15967139823044.webp
restore-1  |          32,768  99%  283.19kB/s    0:00:00           32,782 100%  283.31kB/s    0:00:00 (xfr#329, to-chk=739/1070)
restore-1  | attachments/6943c91a16e36833247141.webp
restore-1  |          25,146 100%  215.41kB/s    0:00:00           25,146 100%  215.41kB/s    0:00:00 (xfr#330, to-chk=738/1070)
restore-1  | attachments/6943c91a1828e183425522.webp
restore-1  |          16,790 100%  143.83kB/s    0:00:00           16,790 100%  143.83kB/s    0:00:00 (xfr#331, to-chk=737/1070)
restore-1  | attachments/6943c91a196fc430004476.webp
restore-1  |          14,410 100%  123.44kB/s    0:00:00           14,410 100%  123.44kB/s    0:00:00 (xfr#332, to-chk=736/1070)
restore-1  | attachments/6943c91a1af1f323411868.webp
restore-1  |          17,182 100%  147.19kB/s    0:00:00           17,182 100%  147.19kB/s    0:00:00 (xfr#333, to-chk=735/1070)
restore-1  | attachments/6943c91a1c38d413543769.webp
restore-1  |          32,768  69%  280.70kB/s    0:00:00           46,862 100%  401.44kB/s    0:00:00 (xfr#334, to-chk=734/1070)
restore-1  | attachments/6943c91a1d786045593745.webp
restore-1  |          24,634 100%  211.02kB/s    0:00:00           24,634 100%  211.02kB/s    0:00:00 (xfr#335, to-chk=733/1070)
restore-1  | attachments/6943c91a1ec1b131477195.webp
restore-1  |          32,768  54%  278.26kB/s    0:00:00           60,496 100%  513.72kB/s    0:00:00 (xfr#336, to-chk=732/1070)
restore-1  | attachments/6943c91a20071516453180.webp
restore-1  |          11,400 100%   96.81kB/s    0:00:00           11,400 100%   96.81kB/s    0:00:00 (xfr#337, to-chk=731/1070)
restore-1  | attachments/6943c91a2158b433071626.webp
restore-1  |          31,244 100%  265.32kB/s    0:00:00           31,244 100%  263.03kB/s    0:00:00 (xfr#338, to-chk=730/1070)
restore-1  | attachments/6943c91a22ac9896484838.webp
restore-1  |          25,440 100%  214.17kB/s    0:00:00           25,440 100%  214.17kB/s    0:00:00 (xfr#339, to-chk=729/1070)
restore-1  | attachments/6943c91a240a3816437019.webp
restore-1  |          32,768  45%  275.86kB/s    0:00:00           71,552 100%  602.37kB/s    0:00:00 (xfr#340, to-chk=728/1070)
restore-1  | attachments/6943c91a2567b554520393.webp
restore-1  |          32,768  77%  273.50kB/s    0:00:00           42,358 100%  353.55kB/s    0:00:00 (xfr#341, to-chk=727/1070)
restore-1  | attachments/6943c91a26c5d641118570.webp
restore-1  |          32,768  28%  273.50kB/s    0:00:00          116,530 100%  972.64kB/s    0:00:00 (xfr#342, to-chk=726/1070)
restore-1  | attachments/6943c91a28239479974952.webp
restore-1  |          32,768  55%  271.19kB/s    0:00:00           58,630 100%  485.22kB/s    0:00:00 (xfr#343, to-chk=725/1070)
restore-1  | attachments/6943c91a2985f701488940.webp
restore-1  |          32,768  18%  271.19kB/s    0:00:00          176,926 100%    1.42MB/s    0:00:00 (xfr#344, to-chk=724/1070)
restore-1  | attachments/6943c91a2adcc229103716.webp
restore-1  |          20,724 100%  170.07kB/s    0:00:00           20,724 100%  170.07kB/s    0:00:00 (xfr#345, to-chk=723/1070)
restore-1  | attachments/6943c91a2c2e4339632032.webp
restore-1  |          32,768  47%  268.91kB/s    0:00:00           68,284 100%  560.37kB/s    0:00:00 (xfr#346, to-chk=722/1070)
restore-1  | attachments/6943c91a2d7de617469166.webp
restore-1  |          32,768  68%  268.91kB/s    0:00:00           48,028 100%  390.85kB/s    0:00:00 (xfr#347, to-chk=721/1070)
restore-1  | attachments/6943c91a2ed47222179868.webp
restore-1  |          32,768  23%  266.67kB/s    0:00:00          138,900 100%    1.10MB/s    0:00:00 (xfr#348, to-chk=720/1070)
restore-1  | attachments/6943c91a3033f377193364.webp
restore-1  |          23,658 100%  192.53kB/s    0:00:00           23,658 100%  192.53kB/s    0:00:00 (xfr#349, to-chk=719/1070)
restore-1  | attachments/6943c91a318a8995848723.webp
restore-1  |          32,768  41%  266.67kB/s    0:00:00           78,598 100%  634.35kB/s    0:00:00 (xfr#350, to-chk=718/1070)
restore-1  | attachments/6943c91a32ece754528634.webp
restore-1  |          32,768  85%  264.46kB/s    0:00:00           38,262 100%  308.80kB/s    0:00:00 (xfr#351, to-chk=717/1070)
restore-1  | attachments/6943c91a344de872061850.webp
restore-1  |          32,768  27%  264.46kB/s    0:00:00          118,952 100%  960.03kB/s    0:00:00 (xfr#352, to-chk=716/1070)
restore-1  | attachments/6943c91a35a67064867670.webp
restore-1  |          32,768  99%  262.30kB/s    0:00:00           32,782 100%  262.41kB/s    0:00:00 (xfr#353, to-chk=715/1070)
restore-1  | attachments/6943c91a36f36746291511.webp
restore-1  |          25,146 100%  201.28kB/s    0:00:00           25,146 100%  201.28kB/s    0:00:00 (xfr#354, to-chk=714/1070)
restore-1  | attachments/6943c91a3847f830742185.webp
restore-1  |          16,790 100%  134.40kB/s    0:00:00           16,790 100%  134.40kB/s    0:00:00 (xfr#355, to-chk=713/1070)
restore-1  | attachments/6943c91a39963935431774.webp
restore-1  |          14,410 100%  115.35kB/s    0:00:00           14,410 100%  115.35kB/s    0:00:00 (xfr#356, to-chk=712/1070)
restore-1  | attachments/6943c91a3b31f211930979.webp
restore-1  |          32,768  60%  262.30kB/s    0:00:00           53,978 100%  432.07kB/s    0:00:00 (xfr#357, to-chk=711/1070)
restore-1  | attachments/6943c91a3c85f148328559.webp
restore-1  |          17,182 100%  137.54kB/s    0:00:00           17,182 100%  137.54kB/s    0:00:00 (xfr#358, to-chk=710/1070)
restore-1  | attachments/6943c91a3de10047478993.webp
restore-1  |          32,768  69%  260.16kB/s    0:00:00           46,862 100%  372.06kB/s    0:00:00 (xfr#359, to-chk=709/1070)
restore-1  | attachments/6943c91a3f3ba025345971.webp
restore-1  |          24,634 100%  195.58kB/s    0:00:00           24,634 100%  195.58kB/s    0:00:00 (xfr#360, to-chk=708/1070)
restore-1  | attachments/6943c91a4098d471034846.webp
restore-1  |          32,768  54%  260.16kB/s    0:00:00           60,496 100%  476.44kB/s    0:00:00 (xfr#361, to-chk=707/1070)
restore-1  | attachments/6943c91a41ee1896931609.webp
restore-1  |          11,400 100%   89.78kB/s    0:00:00           11,400 100%   89.78kB/s    0:00:00 (xfr#362, to-chk=706/1070)
restore-1  | attachments/6943c91a434df374423652.webp
restore-1  |          31,244 100%  246.06kB/s    0:00:00           31,244 100%  246.06kB/s    0:00:00 (xfr#363, to-chk=705/1070)
restore-1  | attachments/6943c91a449fa495686017.webp
restore-1  |          25,440 100%  200.35kB/s    0:00:00           25,440 100%  200.35kB/s    0:00:00 (xfr#364, to-chk=704/1070)
restore-1  | attachments/6943c91a45f19630323027.webp
restore-1  |          32,768  45%  258.06kB/s    0:00:00           71,552 100%  559.00kB/s    0:00:00 (xfr#365, to-chk=703/1070)
restore-1  | attachments/6943c91a47447913954538.webp
restore-1  |          32,768  77%  256.00kB/s    0:00:00           42,358 100%  330.92kB/s    0:00:00 (xfr#366, to-chk=702/1070)
restore-1  | attachments/6943c91a48914752559493.webp
restore-1  |          32,768  28%  256.00kB/s    0:00:00          116,530 100%  910.39kB/s    0:00:00 (xfr#367, to-chk=701/1070)
restore-1  | attachments/6943c91a49d9a011482674.webp
restore-1  |          32,768  55%  256.00kB/s    0:00:00           58,630 100%  458.05kB/s    0:00:00 (xfr#368, to-chk=700/1070)
restore-1  | attachments/6943c91a4b206976824858.webp
restore-1  |          32,768  18%  253.97kB/s    0:00:00          176,926 100%    1.34MB/s    0:00:00 (xfr#369, to-chk=699/1070)
restore-1  | attachments/6943c91a4c5cf156800194.webp
restore-1  |          20,724 100%  160.62kB/s    0:00:00           20,724 100%  160.62kB/s    0:00:00 (xfr#370, to-chk=698/1070)
restore-1  | attachments/6943c91a4d9d8963571115.webp
restore-1  |          32,768  47%  251.97kB/s    0:00:00           68,284 100%  525.07kB/s    0:00:00 (xfr#371, to-chk=697/1070)
restore-1  | attachments/6943c91a4ed9c780629527.webp
restore-1  |          32,768  68%  251.97kB/s    0:00:00           48,028 100%  369.31kB/s    0:00:00 (xfr#372, to-chk=696/1070)
restore-1  | attachments/6943c91a50258239482298.webp
restore-1  |          32,768  23%  251.97kB/s    0:00:00          138,900 100%    1.03MB/s    0:00:00 (xfr#373, to-chk=695/1070)
restore-1  | attachments/6943c91a5175b152218847.webp
restore-1  |          23,658 100%  180.50kB/s    0:00:00           23,658 100%  180.50kB/s    0:00:00 (xfr#374, to-chk=694/1070)
restore-1  | attachments/6943c91a52c25768205328.webp
restore-1  |          32,768  41%  250.00kB/s    0:00:00           78,598 100%  599.66kB/s    0:00:00 (xfr#375, to-chk=693/1070)
restore-1  | attachments/6943c91a54082881904886.webp
restore-1  |          32,768  85%  250.00kB/s    0:00:00           38,262 100%  291.92kB/s    0:00:00 (xfr#376, to-chk=692/1070)
restore-1  | attachments/6943c91a55532233019221.webp
restore-1  |          32,768  27%  248.06kB/s    0:00:00          118,952 100%  900.50kB/s    0:00:00 (xfr#377, to-chk=691/1070)
restore-1  | attachments/6943c91a56b15068604858.webp
restore-1  |          32,768  99%  248.06kB/s    0:00:00           32,782 100%  248.17kB/s    0:00:00 (xfr#378, to-chk=690/1070)
restore-1  | attachments/6943c91a57ff6841061584.webp
restore-1  |          25,146 100%  190.36kB/s    0:00:00           25,146 100%  190.36kB/s    0:00:00 (xfr#379, to-chk=689/1070)
restore-1  | attachments/6943c91a59499082899977.webp
restore-1  |          16,790 100%  126.13kB/s    0:00:00           16,790 100%  126.13kB/s    0:00:00 (xfr#380, to-chk=688/1070)
restore-1  | attachments/6943c91a5a84b925321856.webp
restore-1  |          14,410 100%  108.25kB/s    0:00:00           14,410 100%  108.25kB/s    0:00:00 (xfr#381, to-chk=687/1070)
restore-1  | attachments/6943c91a5c07d741919918.webp
restore-1  |          20,306 100%  152.54kB/s    0:00:00           20,306 100%  152.54kB/s    0:00:00 (xfr#382, to-chk=686/1070)
restore-1  | attachments/6943c91a5d464022889830.webp
restore-1  |          32,768  60%  246.15kB/s    0:00:00           53,978 100%  402.39kB/s    0:00:00 (xfr#383, to-chk=685/1070)
restore-1  | attachments/6943c91a5e88f638964544.webp
restore-1  |          17,182 100%  128.09kB/s    0:00:00           17,182 100%  128.09kB/s    0:00:00 (xfr#384, to-chk=684/1070)
restore-1  | attachments/6943c91a5fcc0921252705.webp
restore-1  |          32,768  69%  244.27kB/s    0:00:00           46,862 100%  349.34kB/s    0:00:00 (xfr#385, to-chk=683/1070)
restore-1  | attachments/6943c91a61101090518496.webp
restore-1  |          24,634 100%  183.64kB/s    0:00:00           24,634 100%  183.64kB/s    0:00:00 (xfr#386, to-chk=682/1070)
restore-1  | attachments/6943c91a62560244301222.webp
restore-1  |          32,768  54%  244.27kB/s    0:00:00           60,496 100%  450.98kB/s    0:00:00 (xfr#387, to-chk=681/1070)
restore-1  | attachments/6943c91a639b9909926543.webp
restore-1  |          11,400 100%   84.98kB/s    0:00:00           11,400 100%   84.98kB/s    0:00:00 (xfr#388, to-chk=680/1070)
restore-1  | attachments/6943c91a64d6e023155393.webp
restore-1  |          31,244 100%  231.15kB/s    0:00:00           31,244 100%  231.15kB/s    0:00:00 (xfr#389, to-chk=679/1070)
restore-1  | attachments/6943c91a6604e709433632.webp
restore-1  |          25,440 100%  188.21kB/s    0:00:00           25,440 100%  188.21kB/s    0:00:00 (xfr#390, to-chk=678/1070)
restore-1  | attachments/6943c91a673aa686355226.webp
restore-1  |          32,768  45%  242.42kB/s    0:00:00           71,552 100%  529.36kB/s    0:00:00 (xfr#391, to-chk=677/1070)
restore-1  | attachments/6943c91a68748065893134.webp
restore-1  |          32,768  77%  242.42kB/s    0:00:00           42,358 100%  313.37kB/s    0:00:00 (xfr#392, to-chk=676/1070)
restore-1  | attachments/6943c91a69b8a040926588.webp
restore-1  |          32,768  28%  242.42kB/s    0:00:00          116,530 100%  855.63kB/s    0:00:00 (xfr#393, to-chk=675/1070)
restore-1  | attachments/6943c91a6b019441562467.webp
restore-1  |          32,768  55%  240.60kB/s    0:00:00           58,630 100%  430.50kB/s    0:00:00 (xfr#394, to-chk=674/1070)
restore-1  | attachments/6943c91a6c4a9123497582.webp
restore-1  |          32,768  18%  238.81kB/s    0:00:00          176,926 100%    1.26MB/s    0:00:00 (xfr#395, to-chk=673/1070)
restore-1  | attachments/6943c91a6d877244745201.webp
restore-1  |          20,724 100%  151.03kB/s    0:00:00           20,724 100%  151.03kB/s    0:00:00 (xfr#396, to-chk=672/1070)
restore-1  | attachments/6943c91a6ec8c815024349.webp
restore-1  |          32,768  47%  237.04kB/s    0:00:00           68,284 100%  493.95kB/s    0:00:00 (xfr#397, to-chk=671/1070)
restore-1  | attachments/6943c91a700a3486258614.webp
restore-1  |          32,768  68%  237.04kB/s    0:00:00           48,028 100%  347.42kB/s    0:00:00 (xfr#398, to-chk=670/1070)
restore-1  | attachments/6943c91a714e1400750036.webp
restore-1  |          32,768  23%  237.04kB/s    0:00:00          138,900 100%  997.39kB/s    0:00:00 (xfr#399, to-chk=669/1070)
restore-1  | attachments/6943c91a728d4013574348.webp
restore-1  |          23,658 100%  169.88kB/s    0:00:00           23,658 100%  169.88kB/s    0:00:00 (xfr#400, to-chk=668/1070)
restore-1  | attachments/6943c91a73da3524332136.webp
restore-1  |          32,768  41%  235.29kB/s    0:00:00           78,598 100%  564.38kB/s    0:00:00 (xfr#401, to-chk=667/1070)
restore-1  | attachments/6943c91a75243170096311.webp
restore-1  |          32,768  85%  235.29kB/s    0:00:00           38,262 100%  274.74kB/s    0:00:00 (xfr#402, to-chk=666/1070)
restore-1  | attachments/6943c91a766ab396755702.webp
restore-1  |          32,768  27%  235.29kB/s    0:00:00          118,952 100%  847.91kB/s    0:00:00 (xfr#403, to-chk=665/1070)
restore-1  | attachments/6943c91a77af3395327041.webp
restore-1  |          32,768  99%  233.58kB/s    0:00:00           32,782 100%  233.68kB/s    0:00:00 (xfr#404, to-chk=664/1070)
restore-1  | attachments/6943c91a78e1c335465672.webp
restore-1  |          25,146 100%  179.25kB/s    0:00:00           25,146 100%  179.25kB/s    0:00:00 (xfr#405, to-chk=663/1070)
restore-1  | attachments/6943c91a7a057075615921.webp
restore-1  |          16,790 100%  119.68kB/s    0:00:00           16,790 100%  119.68kB/s    0:00:00 (xfr#406, to-chk=662/1070)
restore-1  | attachments/6943c91a7b24e330244700.webp
restore-1  |          14,410 100%  102.72kB/s    0:00:00           14,410 100%  102.72kB/s    0:00:00 (xfr#407, to-chk=661/1070)
restore-1  | attachments/6943c91a7c848697389299.webp
restore-1  |          28,766 100%  203.56kB/s    0:00:00           28,766 100%  203.56kB/s    0:00:00 (xfr#408, to-chk=660/1070)
restore-1  | attachments/6943c91a7da4d132404794.webp
restore-1  |          20,306 100%  143.70kB/s    0:00:00           20,306 100%  143.70kB/s    0:00:00 (xfr#409, to-chk=659/1070)
restore-1  | attachments/6943c91a7ed65222223484.webp
restore-1  |          32,768  60%  231.88kB/s    0:00:00           53,978 100%  381.98kB/s    0:00:00 (xfr#410, to-chk=658/1070)
restore-1  | attachments/6943c91a8000e272167529.webp
restore-1  |          17,182 100%  121.59kB/s    0:00:00           17,182 100%  121.59kB/s    0:00:00 (xfr#411, to-chk=657/1070)
restore-1  | attachments/6943c91a8149e549988941.webp
restore-1  |          32,768  69%  230.22kB/s    0:00:00           46,862 100%  329.24kB/s    0:00:00 (xfr#412, to-chk=656/1070)
restore-1  | attachments/6943c91a82a0d987521082.webp
restore-1  |          24,634 100%  173.07kB/s    0:00:00           24,634 100%  173.07kB/s    0:00:00 (xfr#413, to-chk=655/1070)
restore-1  | attachments/6943c91a83f3f323645999.webp
restore-1  |          32,768  54%  230.22kB/s    0:00:00           60,496 100%  425.02kB/s    0:00:00 (xfr#414, to-chk=654/1070)
restore-1  | attachments/6943c91a853cf450794584.webp
restore-1  |          11,400 100%   80.09kB/s    0:00:00           11,400 100%   80.09kB/s    0:00:00 (xfr#415, to-chk=653/1070)
restore-1  | attachments/6943c91a867f9785554021.webp
restore-1  |          31,244 100%  219.51kB/s    0:00:00           31,244 100%  219.51kB/s    0:00:00 (xfr#416, to-chk=652/1070)
restore-1  | attachments/6943c91a87d3f766428819.webp
restore-1  |          25,440 100%  177.46kB/s    0:00:00           25,440 100%  177.46kB/s    0:00:00 (xfr#417, to-chk=651/1070)
restore-1  | attachments/6943c91a8923c457293257.webp
restore-1  |          32,768  45%  228.57kB/s    0:00:00           71,552 100%  499.11kB/s    0:00:00 (xfr#418, to-chk=650/1070)
restore-1  | attachments/6943c91a8a663963888054.webp
restore-1  |          32,768  77%  228.57kB/s    0:00:00           42,358 100%  295.47kB/s    0:00:00 (xfr#419, to-chk=649/1070)
restore-1  | attachments/6943c91a8baaa927202640.webp
restore-1  |          32,768  28%  226.95kB/s    0:00:00          116,530 100%  807.08kB/s    0:00:00 (xfr#420, to-chk=648/1070)
restore-1  | attachments/6943c91a8cf42611508569.webp
restore-1  |          32,768  55%  226.95kB/s    0:00:00           58,630 100%  406.07kB/s    0:00:00 (xfr#421, to-chk=647/1070)
restore-1  | attachments/6943c91a8e382767048779.webp
restore-1  |          32,768  18%  226.95kB/s    0:00:00          176,926 100%    1.19MB/s    0:00:00 (xfr#422, to-chk=646/1070)
restore-1  | attachments/6943c91a8f78a054585795.webp
restore-1  |          20,724 100%  142.52kB/s    0:00:00           20,724 100%  142.52kB/s    0:00:00 (xfr#423, to-chk=645/1070)
restore-1  | attachments/6943c91a90b5c945377959.webp
restore-1  |          32,768  47%  225.35kB/s    0:00:00           68,284 100%  469.60kB/s    0:00:00 (xfr#424, to-chk=644/1070)
restore-1  | attachments/6943c91a91f00604332419.webp
restore-1  |          32,768  68%  225.35kB/s    0:00:00           48,028 100%  327.99kB/s    0:00:00 (xfr#425, to-chk=643/1070)
restore-1  | attachments/6943c91a93263424793695.webp
restore-1  |          32,768  23%  223.78kB/s    0:00:00          138,900 100%  948.56kB/s    0:00:00 (xfr#426, to-chk=642/1070)
restore-1  | attachments/6943c91a94544423982451.webp
restore-1  |          23,658 100%  161.56kB/s    0:00:00           23,658 100%  161.56kB/s    0:00:00 (xfr#427, to-chk=641/1070)
restore-1  | attachments/6943c91a957fc656769790.webp
restore-1  |          32,768  41%  223.78kB/s    0:00:00           78,598 100%  536.75kB/s    0:00:00 (xfr#428, to-chk=640/1070)
restore-1  | attachments/6943c91a96a6e280175530.webp
restore-1  |          32,768  85%  222.22kB/s    0:00:00           38,262 100%  259.48kB/s    0:00:00 (xfr#429, to-chk=639/1070)
restore-1  | attachments/6943c91a97db3189521258.webp
restore-1  |          32,768  27%  222.22kB/s    0:00:00          118,952 100%  806.69kB/s    0:00:00 (xfr#430, to-chk=638/1070)
restore-1  | attachments/6943c91a99075308238387.webp
restore-1  |          32,768  99%  220.69kB/s    0:00:00           32,782 100%  220.78kB/s    0:00:00 (xfr#431, to-chk=637/1070)
restore-1  | attachments/6943c91a9a2d8253748697.webp
restore-1  |          25,146 100%  169.36kB/s    0:00:00           25,146 100%  169.36kB/s    0:00:00 (xfr#432, to-chk=636/1070)
restore-1  | attachments/6943c91a9b554573480165.webp
restore-1  |          16,790 100%  113.08kB/s    0:00:00           16,790 100%  113.08kB/s    0:00:00 (xfr#433, to-chk=635/1070)
restore-1  | attachments/6943c91a9c848858249726.webp
restore-1  |          14,410 100%   97.05kB/s    0:00:00           14,410 100%   97.05kB/s    0:00:00 (xfr#434, to-chk=634/1070)
restore-1  | attachments/6943c921715c4459091141.jpg
restore-1  |          32,768  59%  220.69kB/s    0:00:00           55,301 100%  372.45kB/s    0:00:00 (xfr#435, to-chk=633/1070)
restore-1  | attachments/6943c921727d2229896612.jpg
restore-1  |          32,768  38%  220.69kB/s    0:00:00           85,791 100%  573.84kB/s    0:00:00 (xfr#436, to-chk=632/1070)
restore-1  | attachments/6943c92172c07063341077.jpg
restore-1  |          32,768  27%  219.18kB/s    0:00:00          118,296 100%  791.26kB/s    0:00:00 (xfr#437, to-chk=631/1070)
restore-1  | attachments/6943c921730cc613246723.jpg
restore-1  |          32,768  18%  219.18kB/s    0:00:00          178,411 100%    1.16MB/s    0:00:00 (xfr#438, to-chk=630/1070)
restore-1  | attachments/6943c92173459166969998.jpg
restore-1  |          32,768  39%  217.69kB/s    0:00:00           81,950 100%  544.42kB/s    0:00:00 (xfr#439, to-chk=629/1070)
restore-1  | attachments/6943c92173a06203469223.jpg
restore-1  |          32,768  46%  217.69kB/s    0:00:00           70,714 100%  469.77kB/s    0:00:00 (xfr#440, to-chk=628/1070)
restore-1  | attachments/6943c92173d71760598262.jpg
restore-1  |          32,768  37%  216.22kB/s    0:00:00           87,784 100%  579.23kB/s    0:00:00 (xfr#441, to-chk=627/1070)
restore-1  | attachments/6943c921740d2397266836.jpg
restore-1  |          32,768  58%  216.22kB/s    0:00:00           55,948 100%  369.17kB/s    0:00:00 (xfr#442, to-chk=626/1070)
restore-1  | attachments/6943c9217440d835412907.jpg
restore-1  |          32,768  67%  216.22kB/s    0:00:00           48,322 100%  318.85kB/s    0:00:00 (xfr#443, to-chk=625/1070)
restore-1  | attachments/6943c921cd353135532384.jpg
restore-1  |           6,678 100%   44.06kB/s    0:00:00            6,678 100%   44.06kB/s    0:00:00 (xfr#444, to-chk=624/1070)
restore-1  | attachments/6943c922e4d69227108241.jpg
restore-1  |          32,768  25%  216.22kB/s    0:00:00          130,486 100%  855.22kB/s    0:00:00 (xfr#445, to-chk=623/1070)
restore-1  | attachments/6943c922e6be2470769097.jpg
restore-1  |          32,768  18%  214.77kB/s    0:00:00          181,432 100%    1.15MB/s    0:00:00 (xfr#446, to-chk=622/1070)
restore-1  | attachments/6943c922e7956845705563.jpg
restore-1  |          32,768  23%  213.33kB/s    0:00:00          142,015 100%  924.58kB/s    0:00:00 (xfr#447, to-chk=621/1070)
restore-1  | attachments/6943c922e849b368481100.jpg
restore-1  |          32,768  27%  213.33kB/s    0:00:00          119,665 100%  773.91kB/s    0:00:00 (xfr#448, to-chk=620/1070)
restore-1  | attachments/6943c922e8e37620647384.jpg
restore-1  |          32,768  27%  211.92kB/s    0:00:00          118,327 100%  765.26kB/s    0:00:00 (xfr#449, to-chk=619/1070)
restore-1  | attachments/6943c922e9789179873277.jpg
restore-1  |          32,768  30%  211.92kB/s    0:00:00          107,824 100%  688.21kB/s    0:00:00 (xfr#450, to-chk=618/1070)
restore-1  | attachments/6943c922ea08d773199999.jpg
restore-1  |          32,768  31%  209.15kB/s    0:00:00          103,141 100%  658.32kB/s    0:00:00 (xfr#451, to-chk=617/1070)
restore-1  | attachments/6943c922ea988404165359.jpg
restore-1  |          32,768  22%  209.15kB/s    0:00:00          147,638 100%  936.22kB/s    0:00:00 (xfr#452, to-chk=616/1070)
restore-1  | attachments/6943c922eb297424393548.jpg
restore-1  |          32,768  35%  207.79kB/s    0:00:00           92,469 100%  586.38kB/s    0:00:00 (xfr#453, to-chk=615/1070)
restore-1  | attachments/6943c922ebbb6797778527.jpg
restore-1  |          32,768  17%  207.79kB/s    0:00:00          188,613 100%    1.16MB/s    0:00:00 (xfr#454, to-chk=614/1070)
restore-1  | attachments/6943c922ec477185014181.jpg
restore-1  |          32,768  31%  206.45kB/s    0:00:00          105,257 100%  663.16kB/s    0:00:00 (xfr#455, to-chk=613/1070)
restore-1  | attachments/6943c922ecd27360738720.jpg
restore-1  |          32,768  34%  206.45kB/s    0:00:00           94,712 100%  596.72kB/s    0:00:00 (xfr#456, to-chk=612/1070)
restore-1  | attachments/6943c922ed5e9042252827.jpg
restore-1  |          32,768  19%  205.13kB/s    0:00:00          166,802 100%    1.02MB/s    0:00:00 (xfr#457, to-chk=611/1070)
restore-1  | attachments/6943c922eded5406305856.jpg
restore-1  |          32,768  19%  205.13kB/s    0:00:00          164,556 100% 1023.56kB/s    0:00:00 (xfr#458, to-chk=610/1070)
restore-1  | attachments/6943c922ee7af220259255.jpg
restore-1  |          32,768  17%  203.82kB/s    0:00:00          188,164 100%    1.14MB/s    0:00:00 (xfr#459, to-chk=609/1070)
restore-1  | attachments/6943c922ef088383893818.jpg
restore-1  |          32,768  32%  202.53kB/s    0:00:00          101,251 100%  625.81kB/s    0:00:00 (xfr#460, to-chk=608/1070)
restore-1  | attachments/6943c922efc6d260199024.jpg
restore-1  |          32,768  14%  202.53kB/s    0:00:00          228,036 100%    1.37MB/s    0:00:00 (xfr#461, to-chk=607/1070)
restore-1  | attachments/6943c922f0712523973983.jpg
restore-1  |          32,768  34%  201.26kB/s    0:00:00           94,072 100%  577.78kB/s    0:00:00 (xfr#462, to-chk=606/1070)
restore-1  | attachments/6943c922f1191425778815.jpg
restore-1  |          32,768  39%  201.26kB/s    0:00:00           83,449 100%  512.54kB/s    0:00:00 (xfr#463, to-chk=605/1070)
restore-1  | attachments/6943c922f1a7a879651162.jpg
restore-1  |          32,768  36%  200.00kB/s    0:00:00           90,976 100%  555.27kB/s    0:00:00 (xfr#464, to-chk=604/1070)
restore-1  | attachments/6943c922f231f811688318.jpg
restore-1  |          32,768  28%  200.00kB/s    0:00:00          113,540 100%  692.99kB/s    0:00:00 (xfr#465, to-chk=603/1070)
restore-1  | attachments/6943c922f2b92463715813.jpg
restore-1  |          32,768  38%  200.00kB/s    0:00:00           85,653 100%  522.78kB/s    0:00:00 (xfr#466, to-chk=602/1070)
restore-1  | attachments/6943c922f345e571324457.jpg
restore-1  |          32,768  15%  198.76kB/s    0:00:00          205,985 100%    1.22MB/s    0:00:00 (xfr#467, to-chk=601/1070)
restore-1  | attachments/6943c922f3cdf807615157.jpg
restore-1  |          32,768  39%  198.76kB/s    0:00:00           83,568 100%  503.76kB/s    0:00:00 (xfr#468, to-chk=600/1070)
restore-1  | attachments/6943c923002e8674518953.jpg
restore-1  |          32,768  48%  197.53kB/s    0:00:00           68,242 100%  411.37kB/s    0:00:00 (xfr#469, to-chk=599/1070)
restore-1  | attachments/6943c92300c5b521541059.jpg
restore-1  |          32,768  14%  197.53kB/s    0:00:00          229,632 100%    1.34MB/s    0:00:00 (xfr#470, to-chk=598/1070)
restore-1  | attachments/6943c9230155a868996751.jpg
restore-1  |          32,768  28%  196.32kB/s    0:00:00          113,323 100%  678.94kB/s    0:00:00 (xfr#471, to-chk=597/1070)
restore-1  | attachments/6943c92301e71724271246.jpg
restore-1  |          32,768  19%  196.32kB/s    0:00:00          171,640 100% 1022.06kB/s    0:00:00 (xfr#472, to-chk=596/1070)
restore-1  | attachments/6943c9230272a526057028.jpg
restore-1  |          32,768  33%  195.12kB/s    0:00:00           98,221 100%  584.87kB/s    0:00:00 (xfr#473, to-chk=595/1070)
restore-1  | attachments/6943c92302faf100896266.jpg
restore-1  |          32,768  37%  195.12kB/s    0:00:00           86,489 100%  515.01kB/s    0:00:00 (xfr#474, to-chk=594/1070)
restore-1  | attachments/6943c923037d2469716395.jpg
restore-1  |          32,768  65%  193.94kB/s    0:00:00           49,806 100%  294.78kB/s    0:00:00 (xfr#475, to-chk=593/1070)
restore-1  | attachments/6943c9230400d427470912.jpg
restore-1  |          32,768  40%  193.94kB/s    0:00:00           80,238 100%  474.89kB/s    0:00:00 (xfr#476, to-chk=592/1070)
restore-1  | attachments/6943c92304864437137012.jpg
restore-1  |          32,768  42%  193.94kB/s    0:00:00           77,869 100%  460.87kB/s    0:00:00 (xfr#477, to-chk=591/1070)
restore-1  | attachments/6943c92305107986458417.jpg
restore-1  |          32,768  14%  192.77kB/s    0:00:00          219,790 100%    1.26MB/s    0:00:00 (xfr#478, to-chk=590/1070)
restore-1  | attachments/6943c9230593d695000852.jpg
restore-1  |          32,768  23%  192.77kB/s    0:00:00          141,064 100%  824.90kB/s    0:00:00 (xfr#479, to-chk=589/1070)
restore-1  | attachments/6943c92306180402201044.jpg
restore-1  |          32,768  39%  191.62kB/s    0:00:00           83,298 100%  487.10kB/s    0:00:00 (xfr#480, to-chk=588/1070)
restore-1  | attachments/6943c92306a7d258414971.jpg
restore-1  |          32,768  12%  191.62kB/s    0:00:01          264,174 100%    1.50MB/s    0:00:00 (xfr#481, to-chk=587/1070)
restore-1  | attachments/6943c92307337381563870.jpg
restore-1  |          32,768  20%  190.48kB/s    0:00:00          157,095 100%  907.77kB/s    0:00:00 (xfr#482, to-chk=586/1070)
restore-1  | attachments/6943c92307b77920242158.jpg
restore-1  |          32,768  50%  189.35kB/s    0:00:00           64,365 100%  371.93kB/s    0:00:00 (xfr#483, to-chk=585/1070)
restore-1  | attachments/6943c9230839d204817148.jpg
restore-1  |          32,768  43%  189.35kB/s    0:00:00           74,917 100%  432.91kB/s    0:00:00 (xfr#484, to-chk=584/1070)
restore-1  | attachments/6943c92308c22926200673.jpg
restore-1  |          32,768  16%  189.35kB/s    0:00:00          199,504 100%    1.12MB/s    0:00:00 (xfr#485, to-chk=583/1070)
restore-1  | attachments/6943c92309473575291688.jpg
restore-1  |          32,768  24%  188.24kB/s    0:00:00          131,249 100%  749.55kB/s    0:00:00 (xfr#486, to-chk=582/1070)
restore-1  | attachments/6943c92309cbd114293040.jpg
restore-1  |          32,768  52%  187.13kB/s    0:00:00           62,078 100%  354.52kB/s    0:00:00 (xfr#487, to-chk=581/1070)
restore-1  | attachments/6943c9230a4fc008019158.jpg
restore-1  |          32,768  28%  187.13kB/s    0:00:00          115,244 100%  658.15kB/s    0:00:00 (xfr#488, to-chk=580/1070)
restore-1  | attachments/6943c9230ad8a900905388.jpg
restore-1  |          32,768  12%  187.13kB/s    0:00:01          265,362 100%    1.47MB/s    0:00:00 (xfr#489, to-chk=579/1070)
restore-1  | attachments/6943c9230b5fc662858218.jpg
restore-1  |          32,768  16%  186.05kB/s    0:00:00          200,212 100%    1.10MB/s    0:00:00 (xfr#490, to-chk=578/1070)
restore-1  | attachments/6943c9230be6e280418490.jpg
restore-1  |          32,768  17%  184.97kB/s    0:00:00          191,313 100%    1.05MB/s    0:00:00 (xfr#491, to-chk=577/1070)
restore-1  | attachments/6943c9230c689090241211.jpg
restore-1  |          32,768  39%  184.97kB/s    0:00:00           82,459 100%  462.80kB/s    0:00:00 (xfr#492, to-chk=576/1070)
restore-1  | attachments/6943c9230cf60046325644.jpg
restore-1  |          32,768   9%  183.91kB/s    0:00:01          341,012 100%    1.86MB/s    0:00:00 (xfr#493, to-chk=575/1070)
restore-1  | attachments/6943c9230d7c9539500207.jpg
restore-1  |          32,768  16%  182.86kB/s    0:00:00          195,272 100%    1.06MB/s    0:00:00 (xfr#494, to-chk=574/1070)
restore-1  | attachments/6943c9230dff7686260028.jpg
restore-1  |          32,768  39%  181.82kB/s    0:00:00           82,451 100%  457.49kB/s    0:00:00 (xfr#495, to-chk=573/1070)
restore-1  | attachments/6943c9230e81a890323771.jpg
restore-1  |          32,768  23%  181.82kB/s    0:00:00          141,231 100%  783.64kB/s    0:00:00 (xfr#496, to-chk=572/1070)
restore-1  | attachments/6943c9230f057148482267.jpg
restore-1  |          32,768  28%  180.79kB/s    0:00:00          116,339 100%  641.88kB/s    0:00:00 (xfr#497, to-chk=571/1070)
restore-1  | attachments/6943c9230f8d0613849079.jpg
restore-1  |          32,768  19%  180.79kB/s    0:00:00          167,593 100%  919.47kB/s    0:00:00 (xfr#498, to-chk=570/1070)
restore-1  | attachments/6943c923100f3236307883.jpg
restore-1  |          32,768  32%  179.78kB/s    0:00:00           99,944 100%  548.32kB/s    0:00:00 (xfr#499, to-chk=569/1070)
restore-1  | attachments/6943c92310969931257721.jpg
restore-1  |          32,768  14%  179.78kB/s    0:00:01          225,263 100%    1.20MB/s    0:00:00 (xfr#500, to-chk=568/1070)
restore-1  | attachments/6943c92311246307997613.jpg
restore-1  |          32,768  14%  178.77kB/s    0:00:01          222,101 100%    1.18MB/s    0:00:00 (xfr#501, to-chk=567/1070)
restore-1  | attachments/6943c92311a7f686697890.jpg
restore-1  |          32,768  39%  177.78kB/s    0:00:00           83,329 100%  452.09kB/s    0:00:00 (xfr#502, to-chk=566/1070)
restore-1  | attachments/6943c923122b6374114339.jpg
restore-1  |          32,768  20%  177.78kB/s    0:00:00          162,146 100%  874.84kB/s    0:00:00 (xfr#503, to-chk=565/1070)
restore-1  | attachments/6943c926d7a0c911135686.jpg
restore-1  |          32,768  21%  176.80kB/s    0:00:00          151,120 100%  815.35kB/s    0:00:00 (xfr#504, to-chk=564/1070)
restore-1  | attachments/6943c928089a0480402298.png
restore-1  |          15,448 100%   82.89kB/s    0:00:00           15,448 100%   82.89kB/s    0:00:00 (xfr#505, to-chk=563/1070)
restore-1  | attachments/6943c92808f44699990995.png
restore-1  |           4,679 100%   25.11kB/s    0:00:00            4,679 100%   25.11kB/s    0:00:00 (xfr#506, to-chk=562/1070)
restore-1  | attachments/6943c9280990f010957052.jpg
restore-1  |          32,768   2%  175.82kB/s    0:00:07        1,301,023 100%    6.67MB/s    0:00:00 (xfr#507, to-chk=561/1070)
restore-1  | attachments/6943c92809f70167068673.jpg
restore-1  |          32,768   7%  172.04kB/s    0:00:02          429,978 100%    2.19MB/s    0:00:00 (xfr#508, to-chk=560/1070)
restore-1  | attachments/6943c9280aa79389255888.jpg
restore-1  |          32,768   1%  170.21kB/s    0:00:11        1,944,310 100%    9.61MB/s    0:00:00 (xfr#509, to-chk=559/1070)
restore-1  | attachments/6943c9280b149607573775.jpg
restore-1  |          32,768   5%  164.95kB/s    0:00:03          621,971 100%    3.04MB/s    0:00:00 (xfr#510, to-chk=558/1070)
restore-1  | attachments/6943c9280b723051547221.jpg
restore-1  |          32,768   9%  164.10kB/s    0:00:01          341,809 100%    1.66MB/s    0:00:00 (xfr#511, to-chk=557/1070)
restore-1  | attachments/6943c9280bc50224687878.jpg
restore-1  |          32,768  28%  163.27kB/s    0:00:00          114,951 100%  569.83kB/s    0:00:00 (xfr#512, to-chk=556/1070)
restore-1  | attachments/6943c9280c363858622368.jpg
restore-1  |          32,768   4%  162.44kB/s    0:00:04          778,967 100%    3.73MB/s    0:00:00 (xfr#513, to-chk=555/1070)
restore-1  | attachments/6943c9280c916577215793.jpg
restore-1  |          32,768  11%  160.80kB/s    0:00:01          282,830 100%    1.35MB/s    0:00:00 (xfr#514, to-chk=554/1070)
restore-1  | attachments/6943c9280d274884588945.svg
restore-1  |           1,835 100%    8.96kB/s    0:00:00            1,835 100%    8.96kB/s    0:00:00 (xfr#515, to-chk=553/1070)
restore-1  | attachments/6943c9280da01557070620.svg
restore-1  |           1,830 100%    8.94kB/s    0:00:00            1,830 100%    8.94kB/s    0:00:00 (xfr#516, to-chk=552/1070)
restore-1  | attachments/6943c9280e171361126884.svg
restore-1  |           1,844 100%    9.00kB/s    0:00:00            1,844 100%    9.00kB/s    0:00:00 (xfr#517, to-chk=551/1070)
restore-1  | attachments/6943c9280e8b2203299759.svg
restore-1  |           1,843 100%    9.00kB/s    0:00:00            1,843 100%    9.00kB/s    0:00:00 (xfr#518, to-chk=550/1070)
restore-1  | attachments/6943c9280f078388568875.svg
restore-1  |           4,026 100%   19.56kB/s    0:00:00            4,026 100%   19.56kB/s    0:00:00 (xfr#519, to-chk=549/1070)
restore-1  | attachments/6943c9280f824841458233.svg
restore-1  |           3,952 100%   19.20kB/s    0:00:00            3,952 100%   19.20kB/s    0:00:00 (xfr#520, to-chk=548/1070)
restore-1  | attachments/6943c9280ffa6028065248.svg
restore-1  |           1,833 100%    8.91kB/s    0:00:00            1,833 100%    8.91kB/s    0:00:00 (xfr#521, to-chk=547/1070)
restore-1  | attachments/6943c928107af170411990.svg
restore-1  |           4,397 100%   21.36kB/s    0:00:00            4,397 100%   21.36kB/s    0:00:00 (xfr#522, to-chk=546/1070)
restore-1  | attachments/6943c92810f2c718709337.svg
restore-1  |           1,840 100%    8.94kB/s    0:00:00            1,840 100%    8.94kB/s    0:00:00 (xfr#523, to-chk=545/1070)
restore-1  | attachments/6943c92821233520337465.png
restore-1  |          13,746 100%   66.79kB/s    0:00:00           13,746 100%   66.79kB/s    0:00:00 (xfr#524, to-chk=544/1070)
restore-1  | attachments/6943c9283561d623379084.png
restore-1  |          32,768   2%  159.20kB/s    0:00:06        1,096,960 100%    5.10MB/s    0:00:00 (xfr#525, to-chk=543/1070)
restore-1  | attachments/6943c9283d9a4348339637.jpg
restore-1  |          32,768   7%  156.10kB/s    0:00:02          429,978 100%    1.99MB/s    0:00:00 (xfr#526, to-chk=542/1070)
restore-1  | attachments/6943c9283e970555446489.jpg
restore-1  |          32,768   5%  155.34kB/s    0:00:03          621,971 100%    2.85MB/s    0:00:00 (xfr#527, to-chk=541/1070)
restore-1  | attachments/6943c9283f620016414895.jpg
restore-1  |          32,768  28%  153.85kB/s    0:00:00          114,951 100%  539.70kB/s    0:00:00 (xfr#528, to-chk=540/1070)
restore-1  | attachments/6943c9284017a558740711.jpg
restore-1  |          32,768  11%  153.11kB/s    0:00:01          282,830 100%    1.29MB/s    0:00:00 (xfr#529, to-chk=539/1070)
restore-1  | attachments/6943c9284148e405878537.jpg
restore-1  |          32,768  11%  153.11kB/s    0:00:01          282,830 100%    1.28MB/s    0:00:00 (xfr#530, to-chk=538/1070)
restore-1  | attachments/6943c928426f6785092470.jpg
restore-1  |          32,768  28%  152.38kB/s    0:00:00          114,951 100%  532.02kB/s    0:00:00 (xfr#531, to-chk=537/1070)
restore-1  | attachments/6943c92843549205249955.jpg
restore-1  |          32,768  11%  151.66kB/s    0:00:01          282,830 100%    1.27MB/s    0:00:00 (xfr#532, to-chk=536/1070)
restore-1  | attachments/6943c928447f3942629761.jpg
restore-1  |          32,768   5%  150.94kB/s    0:00:03          621,971 100%    2.77MB/s    0:00:00 (xfr#533, to-chk=535/1070)
restore-1  | attachments/6943c928456f7159161110.jpg
restore-1  |          32,768  28%  149.53kB/s    0:00:00          114,951 100%  524.56kB/s    0:00:00 (xfr#534, to-chk=534/1070)
restore-1  | attachments/6943c9284653e658854328.jpg
restore-1  |          32,768  11%  149.53kB/s    0:00:01          282,830 100%    1.25MB/s    0:00:00 (xfr#535, to-chk=533/1070)
restore-1  | attachments/6943c928478fc480522143.png
restore-1  |          32,768  69%  148.84kB/s    0:00:00           47,419 100%  215.38kB/s    0:00:00 (xfr#536, to-chk=532/1070)
restore-1  | attachments/6943c9284a9a4963627361.png
restore-1  |          32,768  77%  148.15kB/s    0:00:00           42,397 100%  191.68kB/s    0:00:00 (xfr#537, to-chk=531/1070)
restore-1  | attachments/6943c9284dcfb867114713.png
restore-1  |          32,768  54%  148.15kB/s    0:00:00           59,979 100%  271.17kB/s    0:00:00 (xfr#538, to-chk=530/1070)
restore-1  | attachments/6943c928527cd708530513.svg
restore-1  |           3,952 100%   17.87kB/s    0:00:00            3,952 100%   17.87kB/s    0:00:00 (xfr#539, to-chk=529/1070)
restore-1  | attachments/6943c92853ed9646071887.png
restore-1  |          32,768  67%  148.15kB/s    0:00:00           48,431 100%  218.96kB/s    0:00:00 (xfr#540, to-chk=528/1070)
restore-1  | attachments/6943c928588e9932692035.svg
restore-1  |           4,026 100%   18.20kB/s    0:00:00            4,026 100%   18.20kB/s    0:00:00 (xfr#541, to-chk=527/1070)
restore-1  | attachments/6943c92859f66676965640.png
restore-1  |          28,134 100%  127.20kB/s    0:00:00           28,134 100%  127.20kB/s    0:00:00 (xfr#542, to-chk=526/1070)
restore-1  | attachments/6943c9285eca8469433127.png
restore-1  |          32,768  78%  148.15kB/s    0:00:00           41,588 100%  187.16kB/s    0:00:00 (xfr#543, to-chk=525/1070)
restore-1  | attachments/6943c92864a08389060111.png
restore-1  |           4,679 100%   21.06kB/s    0:00:00            4,679 100%   21.06kB/s    0:00:00 (xfr#544, to-chk=524/1070)
restore-1  | attachments/6943c9286601f593040879.png
restore-1  |          32,768  69%  147.47kB/s    0:00:00           47,449 100%  213.53kB/s    0:00:00 (xfr#545, to-chk=523/1070)
restore-1  | attachments/6943c9286bf11425839287.png
restore-1  |          32,768  94%  147.47kB/s    0:00:00           34,545 100%  155.46kB/s    0:00:00 (xfr#546, to-chk=522/1070)
restore-1  | attachments/6943c92870411894588708.svg
restore-1  |           4,397 100%   19.79kB/s    0:00:00            4,397 100%   19.79kB/s    0:00:00 (xfr#547, to-chk=521/1070)
restore-1  | attachments/6943c92871b2d949092085.png
restore-1  |          32,768  95%  147.47kB/s    0:00:00           34,343 100%  153.84kB/s    0:00:00 (xfr#548, to-chk=520/1070)
restore-1  | attachments/6943c92876153740850507.png
restore-1  |          32,768  67%  146.79kB/s    0:00:00           48,823 100%  218.71kB/s    0:00:00 (xfr#549, to-chk=519/1070)
restore-1  | attachments/6943c92879783308417019.png
restore-1  |          32,768  88%  146.79kB/s    0:00:00           36,943 100%  165.49kB/s    0:00:00 (xfr#550, to-chk=518/1070)
restore-1  | attachments/6943c9287ec7f536532904.png
restore-1  |          32,768  52%  146.79kB/s    0:00:00           62,584 100%  280.35kB/s    0:00:00 (xfr#551, to-chk=517/1070)
restore-1  | attachments/6943c92883326434635202.png
restore-1  |          32,768  91%  146.79kB/s    0:00:00           35,735 100%  160.08kB/s    0:00:00 (xfr#552, to-chk=516/1070)
restore-1  | attachments/6943c92888248596346338.png
restore-1  |          32,768  16%  146.12kB/s    0:00:01          195,140 100%  870.17kB/s    0:00:00 (xfr#553, to-chk=515/1070)
restore-1  | attachments/6943c9288f362320903220.svg
restore-1  |           1,835 100%    8.18kB/s    0:00:00            1,835 100%    8.18kB/s    0:00:00 (xfr#554, to-chk=514/1070)
restore-1  | attachments/6943c928903a0852281415.svg
restore-1  |           1,830 100%    8.16kB/s    0:00:00            1,830 100%    8.16kB/s    0:00:00 (xfr#555, to-chk=513/1070)
restore-1  | attachments/6943c92891370265089911.svg
restore-1  |           1,844 100%    8.22kB/s    0:00:00            1,844 100%    8.22kB/s    0:00:00 (xfr#556, to-chk=512/1070)
restore-1  | attachments/6943c92892328699682535.svg
restore-1  |           1,833 100%    8.17kB/s    0:00:00            1,833 100%    8.17kB/s    0:00:00 (xfr#557, to-chk=511/1070)
restore-1  | attachments/6943c92893320013646213.svg
restore-1  |           1,840 100%    8.20kB/s    0:00:00            1,840 100%    8.20kB/s    0:00:00 (xfr#558, to-chk=510/1070)
restore-1  | attachments/6943c92894ab8216474898.svg
restore-1  |           1,840 100%    8.17kB/s    0:00:00            1,840 100%    8.17kB/s    0:00:00 (xfr#559, to-chk=509/1070)
restore-1  | attachments/6943c928961c1257636645.svg
restore-1  |           1,833 100%    8.14kB/s    0:00:00            1,833 100%    8.14kB/s    0:00:00 (xfr#560, to-chk=508/1070)
restore-1  | attachments/6943c9289747c631246080.svg
restore-1  |           1,840 100%    8.17kB/s    0:00:00            1,840 100%    8.17kB/s    0:00:00 (xfr#561, to-chk=507/1070)
restore-1  | attachments/6943c92898a9e331056340.svg
restore-1  |           1,844 100%    8.19kB/s    0:00:00            1,844 100%    8.19kB/s    0:00:00 (xfr#562, to-chk=506/1070)
restore-1  | attachments/6943c92899dbd612436971.svg
restore-1  |           1,833 100%    8.14kB/s    0:00:00            1,833 100%    8.14kB/s    0:00:00 (xfr#563, to-chk=505/1070)
restore-1  | attachments/6943c9289b0d9514109837.svg
restore-1  |           1,840 100%    8.17kB/s    0:00:00            1,840 100%    8.17kB/s    0:00:00 (xfr#564, to-chk=504/1070)
restore-1  | attachments/6943c9289c89c729683446.svg
restore-1  |           1,830 100%    8.12kB/s    0:00:00            1,830 100%    8.12kB/s    0:00:00 (xfr#565, to-chk=503/1070)
restore-1  | attachments/6943c9289dd3d741429900.svg
restore-1  |           1,844 100%    8.19kB/s    0:00:00            1,844 100%    8.19kB/s    0:00:00 (xfr#566, to-chk=502/1070)
restore-1  | attachments/6943c9289f142733225054.svg
restore-1  |           1,833 100%    8.14kB/s    0:00:00            1,833 100%    8.14kB/s    0:00:00 (xfr#567, to-chk=501/1070)
restore-1  | attachments/6943c928a0575744625894.svg
restore-1  |           1,840 100%    8.17kB/s    0:00:00            1,840 100%    8.17kB/s    0:00:00 (xfr#568, to-chk=500/1070)
restore-1  | attachments/6943c928a1e09277483509.png
restore-1  |          32,768  95%  145.45kB/s    0:00:00           34,262 100%  152.09kB/s    0:00:00 (xfr#569, to-chk=499/1070)
restore-1  | attachments/6943c928a5857573351520.png
restore-1  |          32,768  95%  145.45kB/s    0:00:00           34,400 100%  152.70kB/s    0:00:00 (xfr#570, to-chk=498/1070)
restore-1  | attachments/6943c928a9074846318104.png
restore-1  |          32,768  53%  144.80kB/s    0:00:00           61,525 100%  271.87kB/s    0:00:00 (xfr#571, to-chk=497/1070)
restore-1  | attachments/6943c928ac884223573966.png
restore-1  |          32,768  70%  144.14kB/s    0:00:00           46,741 100%  205.61kB/s    0:00:00 (xfr#572, to-chk=496/1070)
restore-1  | attachments/6943c928b0028227005970.png
restore-1  |          21,549 100%   94.79kB/s    0:00:00           21,549 100%   94.79kB/s    0:00:00 (xfr#573, to-chk=495/1070)
restore-1  | attachments/6943c928b46ce959424051.png
restore-1  |          21,549 100%   94.79kB/s    0:00:00           21,549 100%   94.79kB/s    0:00:00 (xfr#574, to-chk=494/1070)
restore-1  | attachments/6943c928b8d51815752355.png
restore-1  |          32,768  91%  144.14kB/s    0:00:00           35,633 100%  156.75kB/s    0:00:00 (xfr#575, to-chk=493/1070)
restore-1  | attachments/6943c928bdeaa981220429.png
restore-1  |          32,768  33%  144.14kB/s    0:00:00           96,796 100%  425.80kB/s    0:00:00 (xfr#576, to-chk=492/1070)
restore-1  | attachments/6943c928c31b3984167049.png
restore-1  |          32,768  74%  143.50kB/s    0:00:00           43,934 100%  192.40kB/s    0:00:00 (xfr#577, to-chk=491/1070)
restore-1  | attachments/6943c928c66b6292310946.png
restore-1  |          32,768  40%  143.50kB/s    0:00:00           80,365 100%  351.93kB/s    0:00:00 (xfr#578, to-chk=490/1070)
restore-1  | attachments/6943c928d0cb6754468972.png
restore-1  |          32,768  93%  143.50kB/s    0:00:00           34,956 100%  153.08kB/s    0:00:00 (xfr#579, to-chk=489/1070)
restore-1  | attachments/6943c928d7486376338321.png
restore-1  |          32,768  84%  142.86kB/s    0:00:00           38,839 100%  169.32kB/s    0:00:00 (xfr#580, to-chk=488/1070)
restore-1  | attachments/6943c928e6749828169972.png
restore-1  |          32,768   4%  142.86kB/s    0:00:04          674,490 100%    2.85MB/s    0:00:00 (xfr#581, to-chk=487/1070)
restore-1  | attachments/6943c928e8dd0312259934.png
restore-1  |          32,768   5%  141.59kB/s    0:00:03          549,221 100%    2.30MB/s    0:00:00 (xfr#582, to-chk=486/1070)
restore-1  | attachments/6943c928eb0b4412706494.png
restore-1  |          32,768  22%  140.35kB/s    0:00:00          146,420 100%  627.14kB/s    0:00:00 (xfr#583, to-chk=485/1070)
restore-1  | attachments/6943c928ed2bc330015744.png
restore-1  |          32,768  26%  140.35kB/s    0:00:00          122,730 100%  523.38kB/s    0:00:00 (xfr#584, to-chk=484/1070)
restore-1  | attachments/6943c928ef725321163826.png
restore-1  |          32,768   4%  139.74kB/s    0:00:04          707,409 100%    2.92MB/s    0:00:00 (xfr#585, to-chk=483/1070)
restore-1  | attachments/6943c928f1c1c341711776.png
restore-1  |          32,768   5%  138.53kB/s    0:00:03          554,640 100%    2.27MB/s    0:00:00 (xfr#586, to-chk=482/1070)
restore-1  | attachments/6943c928f40de394464804.png
restore-1  |          32,768   6%  137.34kB/s    0:00:03          469,105 100%    1.91MB/s    0:00:00 (xfr#587, to-chk=481/1070)
restore-1  | attachments/6943c92902470147318121.png
restore-1  |          32,768   7%  136.75kB/s    0:00:02          424,056 100%    1.71MB/s    0:00:00 (xfr#588, to-chk=480/1070)
restore-1  | attachments/6943c9290afd3307068978.png
restore-1  |          32,768   4%  135.59kB/s    0:00:05          794,585 100%    3.18MB/s    0:00:00 (xfr#589, to-chk=479/1070)
restore-1  | attachments/6943c9290d62a699632541.png
restore-1  |          32,768   6%  134.45kB/s    0:00:03          488,189 100%    1.94MB/s    0:00:00 (xfr#590, to-chk=478/1070)
restore-1  | attachments/6943c9290f982092931024.png
restore-1  |          32,768  35%  133.33kB/s    0:00:00           92,833 100%  377.74kB/s    0:00:00 (xfr#591, to-chk=477/1070)
restore-1  | attachments/6943c92911c23702343940.png
restore-1  |          32,768  32%  133.33kB/s    0:00:00          100,638 100%  409.50kB/s    0:00:00 (xfr#592, to-chk=476/1070)
restore-1  | attachments/6943c929140f7227499234.png
restore-1  |          32,768   4%  132.78kB/s    0:00:05          793,369 100%    3.11MB/s    0:00:00 (xfr#593, to-chk=475/1070)
restore-1  | attachments/6943c9291684c512896964.png
restore-1  |          32,768   4%  131.69kB/s    0:00:05          793,369 100%    3.08MB/s    0:00:00 (xfr#594, to-chk=474/1070)
restore-1  | attachments/6943c92918d8c243768966.png
restore-1  |          32,768  10%  130.08kB/s    0:00:02          297,998 100%    1.15MB/s    0:00:00 (xfr#595, to-chk=473/1070)
restore-1  | attachments/6943c9291b239566104415.png
restore-1  |          32,768  12%  129.55kB/s    0:00:01          269,055 100%    1.03MB/s    0:00:00 (xfr#596, to-chk=472/1070)
restore-1  | attachments/6943c9291ef40996044178.png
restore-1  |          32,768   4%  129.03kB/s    0:00:05          746,469 100%    2.85MB/s    0:00:00 (xfr#597, to-chk=471/1070)
restore-1  | attachments/6943c92921652571461016.png
restore-1  |          32,768   5%  128.00kB/s    0:00:04          548,603 100%    2.08MB/s    0:00:00 (xfr#598, to-chk=470/1070)
restore-1  | attachments/6943c92923b68007869910.png
restore-1  |          32,768  22%  126.98kB/s    0:00:00          148,893 100%  577.00kB/s    0:00:00 (xfr#599, to-chk=469/1070)
restore-1  | attachments/6943c92925fb6527709911.png
restore-1  |          32,768  20%  126.48kB/s    0:00:01          163,096 100%  629.54kB/s    0:00:00 (xfr#600, to-chk=468/1070)
restore-1  | attachments/6943c929284b2320539098.png
restore-1  |          32,768   5%  125.98kB/s    0:00:04          582,276 100%    2.18MB/s    0:00:00 (xfr#601, to-chk=467/1070)
restore-1  | attachments/6943c9292a9fe410687888.png
restore-1  |          32,768   7%  125.49kB/s    0:00:03          416,420 100%    1.55MB/s    0:00:00 (xfr#602, to-chk=466/1070)
restore-1  | attachments/6943c9292cdee099462735.png
restore-1  |          32,768   7%  124.51kB/s    0:00:03          464,496 100%    1.72MB/s    0:00:00 (xfr#603, to-chk=465/1070)
restore-1  | attachments/6943c9292f2e9169197267.png
restore-1  |          32,768   7%  124.03kB/s    0:00:03          467,795 100%    1.72MB/s    0:00:00 (xfr#604, to-chk=464/1070)
restore-1  | attachments/6943c92fe11cb946865497.webp
restore-1  |           2,924 100%   10.98kB/s    0:00:00            2,924 100%   10.98kB/s    0:00:00 (xfr#605, to-chk=463/1070)
restore-1  | attachments/6943c92fe18b1039164617.webp
restore-1  |           2,690 100%   10.10kB/s    0:00:00            2,690 100%   10.10kB/s    0:00:00 (xfr#606, to-chk=462/1070)
restore-1  | attachments/6943c92fe1e89169770810.webp
restore-1  |           1,918 100%    7.20kB/s    0:00:00            1,918 100%    7.20kB/s    0:00:00 (xfr#607, to-chk=461/1070)
restore-1  | attachments/6943c92fe23f3739494917.webp
restore-1  |           3,382 100%   12.70kB/s    0:00:00            3,382 100%   12.70kB/s    0:00:00 (xfr#608, to-chk=460/1070)
restore-1  | attachments/6943c92fe2953348595006.webp
restore-1  |          23,060 100%   86.61kB/s    0:00:00           23,060 100%   86.61kB/s    0:00:00 (xfr#609, to-chk=459/1070)
restore-1  | attachments/6943c92fe2e54309224644.webp
restore-1  |           1,278 100%    4.80kB/s    0:00:00            1,278 100%    4.80kB/s    0:00:00 (xfr#610, to-chk=458/1070)
restore-1  | attachments/6943c92fe3374277335125.webp
restore-1  |           4,812 100%   18.07kB/s    0:00:00            4,812 100%   18.07kB/s    0:00:00 (xfr#611, to-chk=457/1070)
restore-1  | attachments/6943c92fe385a874880027.webp
restore-1  |           5,838 100%   21.93kB/s    0:00:00            5,838 100%   21.93kB/s    0:00:00 (xfr#612, to-chk=456/1070)
restore-1  | attachments/6943c92fe3d20020016870.webp
restore-1  |           1,026 100%    3.85kB/s    0:00:00            1,026 100%    3.85kB/s    0:00:00 (xfr#613, to-chk=455/1070)
restore-1  | attachments/6943c92fe4209476865245.webp
restore-1  |           3,506 100%   13.17kB/s    0:00:00            3,506 100%   13.17kB/s    0:00:00 (xfr#614, to-chk=454/1070)
restore-1  | attachments/6943c92fe46d9585634919.webp
restore-1  |           2,914 100%   10.95kB/s    0:00:00            2,914 100%   10.95kB/s    0:00:00 (xfr#615, to-chk=453/1070)
restore-1  | attachments/6943c92fe4ba0373837279.webp
restore-1  |           3,816 100%   14.33kB/s    0:00:00            3,816 100%   14.33kB/s    0:00:00 (xfr#616, to-chk=452/1070)
restore-1  | attachments/6943c92fe506b788751442.webp
restore-1  |           1,212 100%    4.55kB/s    0:00:00            1,212 100%    4.55kB/s    0:00:00 (xfr#617, to-chk=451/1070)
restore-1  | attachments/6943c92fe5542489218583.webp
restore-1  |           2,962 100%   11.13kB/s    0:00:00            2,962 100%   11.13kB/s    0:00:00 (xfr#618, to-chk=450/1070)
restore-1  | attachments/6943c92fe5a0f854126350.webp
restore-1  |           3,698 100%   13.89kB/s    0:00:00            3,698 100%   13.89kB/s    0:00:00 (xfr#619, to-chk=449/1070)
restore-1  | attachments/6943c92fe5ea7562055939.webp
restore-1  |           1,262 100%    4.72kB/s    0:00:00            1,262 100%    4.72kB/s    0:00:00 (xfr#620, to-chk=448/1070)
restore-1  | attachments/6943c92fe63f8916524451.webp
restore-1  |          32,768  78%  122.61kB/s    0:00:00           41,882 100%  156.71kB/s    0:00:00 (xfr#621, to-chk=447/1070)
restore-1  | attachments/6943c92fe68d3026427856.webp
restore-1  |           1,600 100%    5.99kB/s    0:00:00            1,600 100%    5.99kB/s    0:00:00 (xfr#622, to-chk=446/1070)
restore-1  | attachments/6943c92fe6dc1111772776.webp
restore-1  |           6,038 100%   22.59kB/s    0:00:00            6,038 100%   22.59kB/s    0:00:00 (xfr#623, to-chk=445/1070)
restore-1  | attachments/6943c92fe72e9587683201.webp
restore-1  |           8,176 100%   30.59kB/s    0:00:00            8,176 100%   30.59kB/s    0:00:00 (xfr#624, to-chk=444/1070)
restore-1  | attachments/6943c92fe77b7157732782.webp
restore-1  |           1,260 100%    4.71kB/s    0:00:00            1,260 100%    4.71kB/s    0:00:00 (xfr#625, to-chk=443/1070)
restore-1  | attachments/6943c92fe7c89443091186.webp
restore-1  |           4,974 100%   18.61kB/s    0:00:00            4,974 100%   18.61kB/s    0:00:00 (xfr#626, to-chk=442/1070)
restore-1  | attachments/6943c92fe81b1982865396.webp
restore-1  |          25,256 100%   94.14kB/s    0:00:00           25,256 100%   94.14kB/s    0:00:00 (xfr#627, to-chk=441/1070)
restore-1  | attachments/6943c92fe865f697991042.webp
restore-1  |           1,808 100%    6.74kB/s    0:00:00            1,808 100%    6.74kB/s    0:00:00 (xfr#628, to-chk=440/1070)
restore-1  | attachments/6943c92fe8b61217773258.webp
restore-1  |           9,158 100%   34.13kB/s    0:00:00            9,158 100%   34.13kB/s    0:00:00 (xfr#629, to-chk=439/1070)
restore-1  | attachments/6943c92fe902f059831083.webp
restore-1  |           5,346 100%   19.93kB/s    0:00:00            5,346 100%   19.93kB/s    0:00:00 (xfr#630, to-chk=438/1070)
restore-1  | attachments/6943c92fe94c4383228946.webp
restore-1  |           1,166 100%    4.35kB/s    0:00:00            1,166 100%    4.35kB/s    0:00:00 (xfr#631, to-chk=437/1070)
restore-1  | attachments/6943c92fe997c353334305.webp
restore-1  |           2,610 100%    9.73kB/s    0:00:00            2,610 100%    9.73kB/s    0:00:00 (xfr#632, to-chk=436/1070)
restore-1  | attachments/6943c92fe9e51162033203.webp
restore-1  |           7,342 100%   27.37kB/s    0:00:00            7,342 100%   27.37kB/s    0:00:00 (xfr#633, to-chk=435/1070)
restore-1  | attachments/6943c9301471d964671911.webp
restore-1  |           2,924 100%   10.90kB/s    0:00:00            2,924 100%   10.90kB/s    0:00:00 (xfr#634, to-chk=434/1070)
restore-1  | attachments/6943c93015989264013795.webp
restore-1  |           2,690 100%   10.03kB/s    0:00:00            2,690 100%   10.03kB/s    0:00:00 (xfr#635, to-chk=433/1070)
restore-1  | attachments/6943c93016ab1121631699.webp
restore-1  |           1,918 100%    7.15kB/s    0:00:00            1,918 100%    7.15kB/s    0:00:00 (xfr#636, to-chk=432/1070)
restore-1  | attachments/6943c93017a46420807829.webp
restore-1  |           3,382 100%   12.61kB/s    0:00:00            3,382 100%   12.61kB/s    0:00:00 (xfr#637, to-chk=431/1070)
restore-1  | attachments/6943c93018946742070374.webp
restore-1  |          23,060 100%   85.95kB/s    0:00:00           23,060 100%   85.95kB/s    0:00:00 (xfr#638, to-chk=430/1070)
restore-1  | attachments/6943c9301981a336962086.webp
restore-1  |           1,278 100%    4.76kB/s    0:00:00            1,278 100%    4.76kB/s    0:00:00 (xfr#639, to-chk=429/1070)
restore-1  | attachments/6943c9301a6cc754991650.webp
restore-1  |           4,812 100%   17.87kB/s    0:00:00            4,812 100%   17.87kB/s    0:00:00 (xfr#640, to-chk=428/1070)
restore-1  | attachments/6943c9301b5a9428289689.webp
restore-1  |           5,838 100%   21.68kB/s    0:00:00            5,838 100%   21.68kB/s    0:00:00 (xfr#641, to-chk=427/1070)
restore-1  | attachments/6943c9301c4a3085677675.webp
restore-1  |           1,026 100%    3.81kB/s    0:00:00            1,026 100%    3.81kB/s    0:00:00 (xfr#642, to-chk=426/1070)
restore-1  | attachments/6943c9301d38b046505990.webp
restore-1  |           3,506 100%   13.02kB/s    0:00:00            3,506 100%   13.02kB/s    0:00:00 (xfr#643, to-chk=425/1070)
restore-1  | attachments/6943c9301e241350610115.webp
restore-1  |           2,914 100%   10.82kB/s    0:00:00            2,914 100%   10.82kB/s    0:00:00 (xfr#644, to-chk=424/1070)
restore-1  | attachments/6943c9301f0a7955849245.webp
restore-1  |           3,816 100%   14.17kB/s    0:00:00            3,816 100%   14.17kB/s    0:00:00 (xfr#645, to-chk=423/1070)
restore-1  | attachments/6943c9301fe94640972258.webp
restore-1  |           1,212 100%    4.50kB/s    0:00:00            1,212 100%    4.50kB/s    0:00:00 (xfr#646, to-chk=422/1070)
restore-1  | attachments/6943c93020cca973062074.webp
restore-1  |           2,962 100%   11.00kB/s    0:00:00            2,962 100%   11.00kB/s    0:00:00 (xfr#647, to-chk=421/1070)
restore-1  | attachments/6943c93021b48830628090.webp
restore-1  |           3,698 100%   13.73kB/s    0:00:00            3,698 100%   13.73kB/s    0:00:00 (xfr#648, to-chk=420/1070)
restore-1  | attachments/6943c930229b0660471820.webp
restore-1  |           1,262 100%    4.69kB/s    0:00:00            1,262 100%    4.69kB/s    0:00:00 (xfr#649, to-chk=419/1070)
restore-1  | attachments/6943c93023a7a744389425.webp
restore-1  |          32,768  78%  121.67kB/s    0:00:00           41,882 100%  155.51kB/s    0:00:00 (xfr#650, to-chk=418/1070)
restore-1  | attachments/6943c93024934326025062.webp
restore-1  |           1,600 100%    5.94kB/s    0:00:00            1,600 100%    5.94kB/s    0:00:00 (xfr#651, to-chk=417/1070)
restore-1  | attachments/6943c930257a8834655714.webp
restore-1  |           6,038 100%   22.42kB/s    0:00:00            6,038 100%   22.42kB/s    0:00:00 (xfr#652, to-chk=416/1070)
restore-1  | attachments/6943c930265ca823627068.webp
restore-1  |           8,176 100%   30.24kB/s    0:00:00            8,176 100%   30.24kB/s    0:00:00 (xfr#653, to-chk=415/1070)
restore-1  | attachments/6943c93027374141439718.webp
restore-1  |           1,260 100%    4.66kB/s    0:00:00            1,260 100%    4.66kB/s    0:00:00 (xfr#654, to-chk=414/1070)
restore-1  | attachments/6943c930281c4077372664.webp
restore-1  |           4,974 100%   18.40kB/s    0:00:00            4,974 100%   18.40kB/s    0:00:00 (xfr#655, to-chk=413/1070)
restore-1  | attachments/6943c93028fb1895679351.webp
restore-1  |          25,256 100%   93.42kB/s    0:00:00           25,256 100%   93.42kB/s    0:00:00 (xfr#656, to-chk=412/1070)
restore-1  | attachments/6943c93029d08770005171.webp
restore-1  |           1,808 100%    6.69kB/s    0:00:00            1,808 100%    6.69kB/s    0:00:00 (xfr#657, to-chk=411/1070)
restore-1  | attachments/6943c9302aa7b759056399.webp
restore-1  |           9,158 100%   33.75kB/s    0:00:00            9,158 100%   33.75kB/s    0:00:00 (xfr#658, to-chk=410/1070)
restore-1  | attachments/6943c9302b813653175029.webp
restore-1  |           5,346 100%   19.70kB/s    0:00:00            5,346 100%   19.70kB/s    0:00:00 (xfr#659, to-chk=409/1070)
restore-1  | attachments/6943c9302c549451238902.webp
restore-1  |           1,166 100%    4.30kB/s    0:00:00            1,166 100%    4.30kB/s    0:00:00 (xfr#660, to-chk=408/1070)
restore-1  | attachments/6943c9302d2b5609175845.webp
restore-1  |           2,610 100%    9.62kB/s    0:00:00            2,610 100%    9.62kB/s    0:00:00 (xfr#661, to-chk=407/1070)
restore-1  | attachments/6943c9302dfe7398140357.webp
restore-1  |           7,342 100%   27.06kB/s    0:00:00            7,342 100%   27.06kB/s    0:00:00 (xfr#662, to-chk=406/1070)
restore-1  | attachments/6943c9302f5d6553782814.webp
restore-1  |           7,342 100%   27.06kB/s    0:00:00            7,342 100%   27.06kB/s    0:00:00 (xfr#663, to-chk=405/1070)
restore-1  | attachments/6943c93030b78992609241.webp
restore-1  |           2,610 100%    9.62kB/s    0:00:00            2,610 100%    9.62kB/s    0:00:00 (xfr#664, to-chk=404/1070)
restore-1  | attachments/6943c93031d0d594496147.webp
restore-1  |           7,342 100%   27.06kB/s    0:00:00            7,342 100%   27.06kB/s    0:00:00 (xfr#665, to-chk=403/1070)
restore-1  | attachments/6943c93033201604851119.webp
restore-1  |           1,166 100%    4.30kB/s    0:00:00            1,166 100%    4.30kB/s    0:00:00 (xfr#666, to-chk=402/1070)
restore-1  | attachments/6943c93034349474057491.webp
restore-1  |           2,610 100%    9.62kB/s    0:00:00            2,610 100%    9.62kB/s    0:00:00 (xfr#667, to-chk=401/1070)
restore-1  | attachments/6943c93035466398375561.webp
restore-1  |           7,342 100%   27.06kB/s    0:00:00            7,342 100%   27.06kB/s    0:00:00 (xfr#668, to-chk=400/1070)
restore-1  | attachments/6943c930369d0187626494.webp
restore-1  |           5,346 100%   19.63kB/s    0:00:00            5,346 100%   19.63kB/s    0:00:00 (xfr#669, to-chk=399/1070)
restore-1  | attachments/6943c93037aff087517921.webp
restore-1  |           1,166 100%    4.28kB/s    0:00:00            1,166 100%    4.28kB/s    0:00:00 (xfr#670, to-chk=398/1070)
restore-1  | attachments/6943c93038bde976992857.webp
restore-1  |           2,610 100%    9.58kB/s    0:00:00            2,610 100%    9.58kB/s    0:00:00 (xfr#671, to-chk=397/1070)
restore-1  | attachments/6943c93039d08992535650.webp
restore-1  |           7,342 100%   26.95kB/s    0:00:00            7,342 100%   26.95kB/s    0:00:00 (xfr#672, to-chk=396/1070)
restore-1  | attachments/6943c9303b418147440005.webp
restore-1  |           9,158 100%   33.62kB/s    0:00:00            9,158 100%   33.62kB/s    0:00:00 (xfr#673, to-chk=395/1070)
restore-1  | attachments/6943c9303c5de121017236.webp
restore-1  |           5,346 100%   19.63kB/s    0:00:00            5,346 100%   19.63kB/s    0:00:00 (xfr#674, to-chk=394/1070)
restore-1  | attachments/6943c9303d75e822398215.webp
restore-1  |           1,166 100%    4.28kB/s    0:00:00            1,166 100%    4.28kB/s    0:00:00 (xfr#675, to-chk=393/1070)
restore-1  | attachments/6943c9303e976260334660.webp
restore-1  |           2,610 100%    9.58kB/s    0:00:00            2,610 100%    9.58kB/s    0:00:00 (xfr#676, to-chk=392/1070)
restore-1  | attachments/6943c9303fb95791655878.webp
restore-1  |           7,342 100%   26.95kB/s    0:00:00            7,342 100%   26.95kB/s    0:00:00 (xfr#677, to-chk=391/1070)
restore-1  | attachments/6943c93041230584958805.webp
restore-1  |           1,808 100%    6.64kB/s    0:00:00            1,808 100%    6.64kB/s    0:00:00 (xfr#678, to-chk=390/1070)
restore-1  | attachments/6943c9304243e875537231.webp
restore-1  |           9,158 100%   33.62kB/s    0:00:00            9,158 100%   33.62kB/s    0:00:00 (xfr#679, to-chk=389/1070)
restore-1  | attachments/6943c93043624431554388.webp
restore-1  |           5,346 100%   19.63kB/s    0:00:00            5,346 100%   19.63kB/s    0:00:00 (xfr#680, to-chk=388/1070)
restore-1  | attachments/6943c930447bc966447920.webp
restore-1  |           1,166 100%    4.28kB/s    0:00:00            1,166 100%    4.28kB/s    0:00:00 (xfr#681, to-chk=387/1070)
restore-1  | attachments/6943c9304595b242274134.webp
restore-1  |           2,610 100%    9.55kB/s    0:00:00            2,610 100%    9.55kB/s    0:00:00 (xfr#682, to-chk=386/1070)
restore-1  | attachments/6943c93046b61241940195.webp
restore-1  |           7,342 100%   26.85kB/s    0:00:00            7,342 100%   26.85kB/s    0:00:00 (xfr#683, to-chk=385/1070)
restore-1  | attachments/6943c93048204863267794.webp
restore-1  |          25,256 100%   92.37kB/s    0:00:00           25,256 100%   92.37kB/s    0:00:00 (xfr#684, to-chk=384/1070)
restore-1  | attachments/6943c930493fc253896023.webp
restore-1  |           1,808 100%    6.61kB/s    0:00:00            1,808 100%    6.61kB/s    0:00:00 (xfr#685, to-chk=383/1070)
restore-1  | attachments/6943c9304a5ae024514440.webp
restore-1  |           9,158 100%   33.50kB/s    0:00:00            9,158 100%   33.50kB/s    0:00:00 (xfr#686, to-chk=382/1070)
restore-1  | attachments/6943c9304b745152844962.webp
restore-1  |           5,346 100%   19.48kB/s    0:00:00            5,346 100%   19.48kB/s    0:00:00 (xfr#687, to-chk=381/1070)
restore-1  | attachments/6943c9304c8bb604910134.webp
restore-1  |           1,166 100%    4.25kB/s    0:00:00            1,166 100%    4.25kB/s    0:00:00 (xfr#688, to-chk=380/1070)
restore-1  | attachments/6943c9304d9e5814801654.webp
restore-1  |           2,610 100%    9.51kB/s    0:00:00            2,610 100%    9.51kB/s    0:00:00 (xfr#689, to-chk=379/1070)
restore-1  | attachments/6943c9304ec2f919258081.webp
restore-1  |           7,342 100%   26.75kB/s    0:00:00            7,342 100%   26.75kB/s    0:00:00 (xfr#690, to-chk=378/1070)
restore-1  | attachments/6943c93050252359560483.webp
restore-1  |           4,974 100%   18.12kB/s    0:00:00            4,974 100%   18.12kB/s    0:00:00 (xfr#691, to-chk=377/1070)
restore-1  | attachments/6943c93051496485405071.webp
restore-1  |          25,256 100%   92.03kB/s    0:00:00           25,256 100%   92.03kB/s    0:00:00 (xfr#692, to-chk=376/1070)
restore-1  | attachments/6943c93052694449702755.webp
restore-1  |           1,808 100%    6.59kB/s    0:00:00            1,808 100%    6.59kB/s    0:00:00 (xfr#693, to-chk=375/1070)
restore-1  | attachments/6943c93053930609465972.webp
restore-1  |           9,158 100%   33.37kB/s    0:00:00            9,158 100%   33.37kB/s    0:00:00 (xfr#694, to-chk=374/1070)
restore-1  | attachments/6943c93054d17543432813.webp
restore-1  |           5,346 100%   19.48kB/s    0:00:00            5,346 100%   19.48kB/s    0:00:00 (xfr#695, to-chk=373/1070)
restore-1  | attachments/6943c93055f49540658876.webp
restore-1  |           1,166 100%    4.25kB/s    0:00:00            1,166 100%    4.25kB/s    0:00:00 (xfr#696, to-chk=372/1070)
restore-1  | attachments/6943c930572ba693898094.webp
restore-1  |           2,610 100%    9.48kB/s    0:00:00            2,610 100%    9.48kB/s    0:00:00 (xfr#697, to-chk=371/1070)
restore-1  | attachments/6943c930585a9667007471.webp
restore-1  |           7,342 100%   26.65kB/s    0:00:00            7,342 100%   26.65kB/s    0:00:00 (xfr#698, to-chk=370/1070)
restore-1  | attachments/6943c93059d02585798378.webp
restore-1  |           1,260 100%    4.57kB/s    0:00:00            1,260 100%    4.57kB/s    0:00:00 (xfr#699, to-chk=369/1070)
restore-1  | attachments/6943c9305b0f1284077531.webp
restore-1  |           4,974 100%   18.06kB/s    0:00:00            4,974 100%   18.06kB/s    0:00:00 (xfr#700, to-chk=368/1070)
restore-1  | attachments/6943c9305c6b4804041314.webp
restore-1  |          25,256 100%   91.69kB/s    0:00:00           25,256 100%   91.69kB/s    0:00:00 (xfr#701, to-chk=367/1070)
restore-1  | attachments/6943c9305d9c5580401347.webp
restore-1  |           1,808 100%    6.56kB/s    0:00:00            1,808 100%    6.56kB/s    0:00:00 (xfr#702, to-chk=366/1070)
restore-1  | attachments/6943c9305ec66813632636.webp
restore-1  |           9,158 100%   33.25kB/s    0:00:00            9,158 100%   33.25kB/s    0:00:00 (xfr#703, to-chk=365/1070)
restore-1  | attachments/6943c9305ff08553494618.webp
restore-1  |           5,346 100%   19.41kB/s    0:00:00            5,346 100%   19.41kB/s    0:00:00 (xfr#704, to-chk=364/1070)
restore-1  | attachments/6943c930611e2301100275.webp
restore-1  |           1,166 100%    4.23kB/s    0:00:00            1,166 100%    4.23kB/s    0:00:00 (xfr#705, to-chk=363/1070)
restore-1  | attachments/6943c93062498993492637.webp
restore-1  |           2,610 100%    9.48kB/s    0:00:00            2,610 100%    9.48kB/s    0:00:00 (xfr#706, to-chk=362/1070)
restore-1  | attachments/6943c9306375f580621693.webp
restore-1  |           7,342 100%   26.56kB/s    0:00:00            7,342 100%   26.56kB/s    0:00:00 (xfr#707, to-chk=361/1070)
restore-1  | attachments/6943c93064f7d649388511.webp
restore-1  |           8,176 100%   29.57kB/s    0:00:00            8,176 100%   29.57kB/s    0:00:00 (xfr#708, to-chk=360/1070)
restore-1  | attachments/6943c9306621e417808816.webp
restore-1  |           1,260 100%    4.56kB/s    0:00:00            1,260 100%    4.56kB/s    0:00:00 (xfr#709, to-chk=359/1070)
restore-1  | attachments/6943c93067563708623294.webp
restore-1  |           4,974 100%   17.99kB/s    0:00:00            4,974 100%   17.99kB/s    0:00:00 (xfr#710, to-chk=358/1070)
restore-1  | attachments/6943c93068905647084958.webp
restore-1  |          25,256 100%   91.35kB/s    0:00:00           25,256 100%   91.35kB/s    0:00:00 (xfr#711, to-chk=357/1070)
restore-1  | attachments/6943c93069c34705960180.webp
restore-1  |           1,808 100%    6.54kB/s    0:00:00            1,808 100%    6.54kB/s    0:00:00 (xfr#712, to-chk=356/1070)
restore-1  | attachments/6943c9306b02e473819418.webp
restore-1  |           9,158 100%   33.12kB/s    0:00:00            9,158 100%   33.12kB/s    0:00:00 (xfr#713, to-chk=355/1070)
restore-1  | attachments/6943c9306c2f6392813671.webp
restore-1  |           5,346 100%   19.34kB/s    0:00:00            5,346 100%   19.34kB/s    0:00:00 (xfr#714, to-chk=354/1070)
restore-1  | attachments/6943c9306d5c0478517883.webp
restore-1  |           1,166 100%    4.22kB/s    0:00:00            1,166 100%    4.22kB/s    0:00:00 (xfr#715, to-chk=353/1070)
restore-1  | attachments/6943c9306e7c7319704983.webp
restore-1  |           2,610 100%    9.41kB/s    0:00:00            2,610 100%    9.41kB/s    0:00:00 (xfr#716, to-chk=352/1070)
restore-1  | attachments/6943c9306fa3e379448700.webp
restore-1  |           7,342 100%   26.46kB/s    0:00:00            7,342 100%   26.46kB/s    0:00:00 (xfr#717, to-chk=351/1070)
restore-1  | attachments/6943c9307125b309939557.webp
restore-1  |           6,038 100%   21.76kB/s    0:00:00            6,038 100%   21.76kB/s    0:00:00 (xfr#718, to-chk=350/1070)
restore-1  | attachments/6943c930725bd120475228.webp
restore-1  |           8,176 100%   29.46kB/s    0:00:00            8,176 100%   29.46kB/s    0:00:00 (xfr#719, to-chk=349/1070)
restore-1  | attachments/6943c930737bd926197218.webp
restore-1  |           1,260 100%    4.54kB/s    0:00:00            1,260 100%    4.54kB/s    0:00:00 (xfr#720, to-chk=348/1070)
restore-1  | attachments/6943c93074a1d464868597.webp
restore-1  |           4,974 100%   17.92kB/s    0:00:00            4,974 100%   17.92kB/s    0:00:00 (xfr#721, to-chk=347/1070)
restore-1  | attachments/6943c93075cab365809407.webp
restore-1  |          25,256 100%   91.01kB/s    0:00:00           25,256 100%   91.01kB/s    0:00:00 (xfr#722, to-chk=346/1070)
restore-1  | attachments/6943c93076e46278784666.webp
restore-1  |           1,808 100%    6.52kB/s    0:00:00            1,808 100%    6.52kB/s    0:00:00 (xfr#723, to-chk=345/1070)
restore-1  | attachments/6943c930780b3951805231.webp
restore-1  |           9,158 100%   32.88kB/s    0:00:00            9,158 100%   32.88kB/s    0:00:00 (xfr#724, to-chk=344/1070)
restore-1  | attachments/6943c930792bc570584738.webp
restore-1  |           5,346 100%   19.19kB/s    0:00:00            5,346 100%   19.19kB/s    0:00:00 (xfr#725, to-chk=343/1070)
restore-1  | attachments/6943c9307a4bc123454580.webp
restore-1  |           1,166 100%    4.19kB/s    0:00:00            1,166 100%    4.19kB/s    0:00:00 (xfr#726, to-chk=342/1070)
restore-1  | attachments/6943c9307b691519609199.webp
restore-1  |           2,610 100%    9.37kB/s    0:00:00            2,610 100%    9.37kB/s    0:00:00 (xfr#727, to-chk=341/1070)
restore-1  | attachments/6943c9307c8a8551259447.webp
restore-1  |           7,342 100%   26.36kB/s    0:00:00            7,342 100%   26.36kB/s    0:00:00 (xfr#728, to-chk=340/1070)
restore-1  | attachments/6943c9307ded3690640144.webp
restore-1  |           1,600 100%    5.74kB/s    0:00:00            1,600 100%    5.74kB/s    0:00:00 (xfr#729, to-chk=339/1070)
restore-1  | attachments/6943c9307f0ef402421779.webp
restore-1  |           6,038 100%   21.68kB/s    0:00:00            6,038 100%   21.68kB/s    0:00:00 (xfr#730, to-chk=338/1070)
restore-1  | attachments/6943c930803d2976376231.webp
restore-1  |           8,176 100%   29.35kB/s    0:00:00            8,176 100%   29.35kB/s    0:00:00 (xfr#731, to-chk=337/1070)
restore-1  | attachments/6943c9308161b498661129.webp
restore-1  |           1,260 100%    4.52kB/s    0:00:00            1,260 100%    4.52kB/s    0:00:00 (xfr#732, to-chk=336/1070)
restore-1  | attachments/6943c93082828315950591.webp
restore-1  |           4,974 100%   17.86kB/s    0:00:00            4,974 100%   17.86kB/s    0:00:00 (xfr#733, to-chk=335/1070)
restore-1  | attachments/6943c93083a0a010595607.webp
restore-1  |          25,256 100%   90.34kB/s    0:00:00           25,256 100%   90.34kB/s    0:00:00 (xfr#734, to-chk=334/1070)
restore-1  | attachments/6943c93084b3c889652160.webp
restore-1  |           1,808 100%    6.47kB/s    0:00:00            1,808 100%    6.47kB/s    0:00:00 (xfr#735, to-chk=333/1070)
restore-1  | attachments/6943c93085cbc814906415.webp
restore-1  |           9,158 100%   32.76kB/s    0:00:00            9,158 100%   32.76kB/s    0:00:00 (xfr#736, to-chk=332/1070)
restore-1  | attachments/6943c93086db2441750690.webp
restore-1  |           5,346 100%   19.12kB/s    0:00:00            5,346 100%   19.12kB/s    0:00:00 (xfr#737, to-chk=331/1070)
restore-1  | attachments/6943c93087e85030634939.webp
restore-1  |           1,166 100%    4.17kB/s    0:00:00            1,166 100%    4.17kB/s    0:00:00 (xfr#738, to-chk=330/1070)
restore-1  | attachments/6943c93088fb3808612013.webp
restore-1  |           2,610 100%    9.34kB/s    0:00:00            2,610 100%    9.34kB/s    0:00:00 (xfr#739, to-chk=329/1070)
restore-1  | attachments/6943c9308a180574732224.webp
restore-1  |           7,342 100%   26.26kB/s    0:00:00            7,342 100%   26.26kB/s    0:00:00 (xfr#740, to-chk=328/1070)
restore-1  | attachments/6943c9308b7e4073183699.webp
restore-1  |          32,768  78%  116.79kB/s    0:00:00           41,882 100%  149.27kB/s    0:00:00 (xfr#741, to-chk=327/1070)
restore-1  | attachments/6943c9308c9c6505768166.webp
restore-1  |           1,600 100%    5.70kB/s    0:00:00            1,600 100%    5.70kB/s    0:00:00 (xfr#742, to-chk=326/1070)
restore-1  | attachments/6943c9308db34434504009.webp
restore-1  |           6,038 100%   21.52kB/s    0:00:00            6,038 100%   21.52kB/s    0:00:00 (xfr#743, to-chk=325/1070)
restore-1  | attachments/6943c9308ecbc472767528.webp
restore-1  |           8,176 100%   29.14kB/s    0:00:00            8,176 100%   29.14kB/s    0:00:00 (xfr#744, to-chk=324/1070)
restore-1  | attachments/6943c9308fe69612350713.webp
restore-1  |           1,260 100%    4.49kB/s    0:00:00            1,260 100%    4.49kB/s    0:00:00 (xfr#745, to-chk=323/1070)
restore-1  | attachments/6943c93091065464385037.webp
restore-1  |           4,974 100%   17.73kB/s    0:00:00            4,974 100%   17.73kB/s    0:00:00 (xfr#746, to-chk=322/1070)
restore-1  | attachments/6943c93092226304830535.webp
restore-1  |          25,256 100%   89.69kB/s    0:00:00           25,256 100%   89.69kB/s    0:00:00 (xfr#747, to-chk=321/1070)
restore-1  | attachments/6943c930932e9382049249.webp
restore-1  |           1,808 100%    6.42kB/s    0:00:00            1,808 100%    6.42kB/s    0:00:00 (xfr#748, to-chk=320/1070)
restore-1  | attachments/6943c9309453c863428400.webp
restore-1  |           9,158 100%   32.52kB/s    0:00:00            9,158 100%   32.52kB/s    0:00:00 (xfr#749, to-chk=319/1070)
restore-1  | attachments/6943c93095694587617290.webp
restore-1  |           5,346 100%   18.98kB/s    0:00:00            5,346 100%   18.98kB/s    0:00:00 (xfr#750, to-chk=318/1070)
restore-1  | attachments/6943c93096806749209811.webp
restore-1  |           1,166 100%    4.14kB/s    0:00:00            1,166 100%    4.14kB/s    0:00:00 (xfr#751, to-chk=317/1070)
restore-1  | attachments/6943c930979e7295929445.webp
restore-1  |           2,610 100%    9.27kB/s    0:00:00            2,610 100%    9.27kB/s    0:00:00 (xfr#752, to-chk=316/1070)
restore-1  | attachments/6943c93098c40751538840.webp
restore-1  |           7,342 100%   26.07kB/s    0:00:00            7,342 100%   26.07kB/s    0:00:00 (xfr#753, to-chk=315/1070)
restore-1  | attachments/6943c9309a2b2057538455.webp
restore-1  |           1,262 100%    4.48kB/s    0:00:00            1,262 100%    4.48kB/s    0:00:00 (xfr#754, to-chk=314/1070)
restore-1  | attachments/6943c9309b53d450650200.webp
restore-1  |          32,768  78%  116.36kB/s    0:00:00           41,882 100%  148.73kB/s    0:00:00 (xfr#755, to-chk=313/1070)
restore-1  | attachments/6943c9309c916066914415.webp
restore-1  |           1,600 100%    5.68kB/s    0:00:00            1,600 100%    5.68kB/s    0:00:00 (xfr#756, to-chk=312/1070)
restore-1  | attachments/6943c9309db0c572337562.webp
restore-1  |           6,038 100%   21.44kB/s    0:00:00            6,038 100%   21.44kB/s    0:00:00 (xfr#757, to-chk=311/1070)
restore-1  | attachments/6943c9309ef6e106503921.webp
restore-1  |           8,176 100%   29.03kB/s    0:00:00            8,176 100%   29.03kB/s    0:00:00 (xfr#758, to-chk=310/1070)
restore-1  | attachments/6943c930a0196900793294.webp
restore-1  |           1,260 100%    4.47kB/s    0:00:00            1,260 100%    4.47kB/s    0:00:00 (xfr#759, to-chk=309/1070)
restore-1  | attachments/6943c930a1382747502604.webp
restore-1  |           4,974 100%   17.60kB/s    0:00:00            4,974 100%   17.60kB/s    0:00:00 (xfr#760, to-chk=308/1070)
restore-1  | attachments/6943c930a265a741278843.webp
restore-1  |          25,256 100%   89.36kB/s    0:00:00           25,256 100%   89.36kB/s    0:00:00 (xfr#761, to-chk=307/1070)
restore-1  | attachments/6943c930a3896410784396.webp
restore-1  |           1,808 100%    6.40kB/s    0:00:00            1,808 100%    6.40kB/s    0:00:00 (xfr#762, to-chk=306/1070)
restore-1  | attachments/6943c930a4b85691923937.webp
restore-1  |           9,158 100%   32.40kB/s    0:00:00            9,158 100%   32.40kB/s    0:00:00 (xfr#763, to-chk=305/1070)
restore-1  | attachments/6943c930a5e73503150460.webp
restore-1  |           5,346 100%   18.92kB/s    0:00:00            5,346 100%   18.92kB/s    0:00:00 (xfr#764, to-chk=304/1070)
restore-1  | attachments/6943c930a717c339327490.webp
restore-1  |           1,166 100%    4.13kB/s    0:00:00            1,166 100%    4.13kB/s    0:00:00 (xfr#765, to-chk=303/1070)
restore-1  | attachments/6943c930a8451794554730.webp
restore-1  |           2,610 100%    9.23kB/s    0:00:00            2,610 100%    9.23kB/s    0:00:00 (xfr#766, to-chk=302/1070)
restore-1  | attachments/6943c930a96d2428643165.webp
restore-1  |           7,342 100%   25.98kB/s    0:00:00            7,342 100%   25.98kB/s    0:00:00 (xfr#767, to-chk=301/1070)
restore-1  | attachments/6943c930aad20383508076.webp
restore-1  |           3,698 100%   13.08kB/s    0:00:00            3,698 100%   13.04kB/s    0:00:00 (xfr#768, to-chk=300/1070)
restore-1  | attachments/6943c930abee6818321670.webp
restore-1  |           1,262 100%    4.45kB/s    0:00:00            1,262 100%    4.45kB/s    0:00:00 (xfr#769, to-chk=299/1070)
restore-1  | attachments/6943c930ad0fa110108995.webp
restore-1  |          32,768  78%  115.52kB/s    0:00:00           41,882 100%  147.65kB/s    0:00:00 (xfr#770, to-chk=298/1070)
restore-1  | attachments/6943c930ae2d9006300959.webp
restore-1  |           1,600 100%    5.64kB/s    0:00:00            1,600 100%    5.64kB/s    0:00:00 (xfr#771, to-chk=297/1070)
restore-1  | attachments/6943c930af4ac416769804.webp
restore-1  |           6,038 100%   21.29kB/s    0:00:00            6,038 100%   21.29kB/s    0:00:00 (xfr#772, to-chk=296/1070)
restore-1  | attachments/6943c930b06db658589363.webp
restore-1  |           8,176 100%   28.82kB/s    0:00:00            8,176 100%   28.82kB/s    0:00:00 (xfr#773, to-chk=295/1070)
restore-1  | attachments/6943c930b18a9165335706.webp
restore-1  |           1,260 100%    4.44kB/s    0:00:00            1,260 100%    4.44kB/s    0:00:00 (xfr#774, to-chk=294/1070)
restore-1  | attachments/6943c930b2af5124607537.webp
restore-1  |           4,974 100%   17.54kB/s    0:00:00            4,974 100%   17.54kB/s    0:00:00 (xfr#775, to-chk=293/1070)
restore-1  | attachments/6943c930b3d50954533359.webp
restore-1  |          25,256 100%   88.72kB/s    0:00:00           25,256 100%   88.72kB/s    0:00:00 (xfr#776, to-chk=292/1070)
restore-1  | attachments/6943c930b4fa4390064760.webp
restore-1  |           1,808 100%    6.35kB/s    0:00:00            1,808 100%    6.35kB/s    0:00:00 (xfr#777, to-chk=291/1070)
restore-1  | attachments/6943c930b62f9869438958.webp
restore-1  |           9,158 100%   32.17kB/s    0:00:00            9,158 100%   32.17kB/s    0:00:00 (xfr#778, to-chk=290/1070)
restore-1  | attachments/6943c930b7632147823945.webp
restore-1  |           5,346 100%   18.78kB/s    0:00:00            5,346 100%   18.78kB/s    0:00:00 (xfr#779, to-chk=289/1070)
restore-1  | attachments/6943c930b89fc807073047.webp
restore-1  |           1,166 100%    4.10kB/s    0:00:00            1,166 100%    4.10kB/s    0:00:00 (xfr#780, to-chk=288/1070)
restore-1  | attachments/6943c930b9ce9853801080.webp
restore-1  |           2,610 100%    9.17kB/s    0:00:00            2,610 100%    9.17kB/s    0:00:00 (xfr#781, to-chk=287/1070)
restore-1  | attachments/6943c930bb11e637304878.webp
restore-1  |           7,342 100%   25.79kB/s    0:00:00            7,342 100%   25.79kB/s    0:00:00 (xfr#782, to-chk=286/1070)
restore-1  | attachments/6943c930bc8fd749478542.webp
restore-1  |           2,962 100%   10.40kB/s    0:00:00            2,962 100%   10.40kB/s    0:00:00 (xfr#783, to-chk=285/1070)
restore-1  | attachments/6943c930bdc03401358239.webp
restore-1  |           3,698 100%   12.99kB/s    0:00:00            3,698 100%   12.99kB/s    0:00:00 (xfr#784, to-chk=284/1070)
restore-1  | attachments/6943c930bee2f856799583.webp
restore-1  |           1,262 100%    4.43kB/s    0:00:00            1,262 100%    4.43kB/s    0:00:00 (xfr#785, to-chk=283/1070)
restore-1  | attachments/6943c930c01a5643333869.webp
restore-1  |          32,768  78%  114.70kB/s    0:00:00           41,882 100%  146.60kB/s    0:00:00 (xfr#786, to-chk=282/1070)
restore-1  | attachments/6943c930c14fa099922891.webp
restore-1  |           1,600 100%    5.60kB/s    0:00:00            1,600 100%    5.60kB/s    0:00:00 (xfr#787, to-chk=281/1070)
restore-1  | attachments/6943c930c287e319786131.webp
restore-1  |           6,038 100%   21.13kB/s    0:00:00            6,038 100%   21.13kB/s    0:00:00 (xfr#788, to-chk=280/1070)
restore-1  | attachments/6943c930c3b6d295028503.webp
restore-1  |           8,176 100%   28.62kB/s    0:00:00            8,176 100%   28.62kB/s    0:00:00 (xfr#789, to-chk=279/1070)
restore-1  | attachments/6943c930c4dc9699053028.webp
restore-1  |           1,260 100%    4.41kB/s    0:00:00            1,260 100%    4.41kB/s    0:00:00 (xfr#790, to-chk=278/1070)
restore-1  | attachments/6943c930c60ce180766942.webp
restore-1  |           4,974 100%   17.41kB/s    0:00:00            4,974 100%   17.41kB/s    0:00:00 (xfr#791, to-chk=277/1070)
restore-1  | attachments/6943c930c72a2411122983.webp
restore-1  |          25,256 100%   88.40kB/s    0:00:00           25,256 100%   88.09kB/s    0:00:00 (xfr#792, to-chk=276/1070)
restore-1  | attachments/6943c930c8441982973765.webp
restore-1  |           1,808 100%    6.31kB/s    0:00:00            1,808 100%    6.31kB/s    0:00:00 (xfr#793, to-chk=275/1070)
restore-1  | attachments/6943c930c9525930913884.webp
restore-1  |           9,158 100%   31.94kB/s    0:00:00            9,158 100%   31.94kB/s    0:00:00 (xfr#794, to-chk=274/1070)
restore-1  | attachments/6943c930ca5a4418344224.webp
restore-1  |           5,346 100%   18.65kB/s    0:00:00            5,346 100%   18.65kB/s    0:00:00 (xfr#795, to-chk=273/1070)
restore-1  | attachments/6943c930cb5f7844096197.webp
restore-1  |           1,166 100%    4.07kB/s    0:00:00            1,166 100%    4.07kB/s    0:00:00 (xfr#796, to-chk=272/1070)
restore-1  | attachments/6943c930cc650834871596.webp
restore-1  |           2,610 100%    9.10kB/s    0:00:00            2,610 100%    9.10kB/s    0:00:00 (xfr#797, to-chk=271/1070)
restore-1  | attachments/6943c930cd784789036160.webp
restore-1  |           7,342 100%   25.61kB/s    0:00:00            7,342 100%   25.61kB/s    0:00:00 (xfr#798, to-chk=270/1070)
restore-1  | attachments/6943c930cec06991339879.webp
restore-1  |           1,212 100%    4.23kB/s    0:00:00            1,212 100%    4.23kB/s    0:00:00 (xfr#799, to-chk=269/1070)
restore-1  | attachments/6943c930cfd26271625055.webp
restore-1  |           2,962 100%   10.33kB/s    0:00:00            2,962 100%   10.33kB/s    0:00:00 (xfr#800, to-chk=268/1070)
restore-1  | attachments/6943c930d0ec8966034942.webp
restore-1  |           3,698 100%   12.90kB/s    0:00:00            3,698 100%   12.90kB/s    0:00:00 (xfr#801, to-chk=267/1070)
restore-1  | attachments/6943c930d207f635876065.webp
restore-1  |           1,262 100%    4.40kB/s    0:00:00            1,262 100%    4.40kB/s    0:00:00 (xfr#802, to-chk=266/1070)
restore-1  | attachments/6943c930d32ba986176494.webp
restore-1  |          32,768  78%  114.29kB/s    0:00:00           41,882 100%  146.07kB/s    0:00:00 (xfr#803, to-chk=265/1070)
restore-1  | attachments/6943c930d447a774702798.webp
restore-1  |           1,600 100%    5.58kB/s    0:00:00            1,600 100%    5.58kB/s    0:00:00 (xfr#804, to-chk=264/1070)
restore-1  | attachments/6943c930d5645299106166.webp
restore-1  |           6,038 100%   20.98kB/s    0:00:00            6,038 100%   20.98kB/s    0:00:00 (xfr#805, to-chk=263/1070)
restore-1  | attachments/6943c930d684a036734056.webp
restore-1  |           8,176 100%   28.41kB/s    0:00:00            8,176 100%   28.41kB/s    0:00:00 (xfr#806, to-chk=262/1070)
restore-1  | attachments/6943c930d799a120198068.webp
restore-1  |           1,260 100%    4.38kB/s    0:00:00            1,260 100%    4.38kB/s    0:00:00 (xfr#807, to-chk=261/1070)
restore-1  | attachments/6943c930d8b17785316486.webp
restore-1  |           4,974 100%   17.29kB/s    0:00:00            4,974 100%   17.29kB/s    0:00:00 (xfr#808, to-chk=260/1070)
restore-1  | attachments/6943c930d9c3c309612161.webp
restore-1  |          25,256 100%   87.77kB/s    0:00:00           25,256 100%   87.77kB/s    0:00:00 (xfr#809, to-chk=259/1070)
restore-1  | attachments/6943c930dad5f535282588.webp
restore-1  |           1,808 100%    6.28kB/s    0:00:00            1,808 100%    6.28kB/s    0:00:00 (xfr#810, to-chk=258/1070)
restore-1  | attachments/6943c930dbe4b344680053.webp
restore-1  |           9,158 100%   31.83kB/s    0:00:00            9,158 100%   31.83kB/s    0:00:00 (xfr#811, to-chk=257/1070)
restore-1  | attachments/6943c930dcfaf711109422.webp
restore-1  |           5,346 100%   18.58kB/s    0:00:00            5,346 100%   18.58kB/s    0:00:00 (xfr#812, to-chk=256/1070)
restore-1  | attachments/6943c930de075281805685.webp
restore-1  |           1,166 100%    4.05kB/s    0:00:00            1,166 100%    4.04kB/s    0:00:00 (xfr#813, to-chk=255/1070)
restore-1  | attachments/6943c930df1e9976704028.webp
restore-1  |           2,610 100%    9.04kB/s    0:00:00            2,610 100%    9.04kB/s    0:00:00 (xfr#814, to-chk=254/1070)
restore-1  | attachments/6943c930e0314754055711.webp
restore-1  |           7,342 100%   25.43kB/s    0:00:00            7,342 100%   25.43kB/s    0:00:00 (xfr#815, to-chk=253/1070)
restore-1  | attachments/6943c930e18a4611154509.webp
restore-1  |           3,816 100%   13.21kB/s    0:00:00            3,816 100%   13.21kB/s    0:00:00 (xfr#816, to-chk=252/1070)
restore-1  | attachments/6943c930e29aa861589895.webp
restore-1  |           1,212 100%    4.20kB/s    0:00:00            1,212 100%    4.20kB/s    0:00:00 (xfr#817, to-chk=251/1070)
restore-1  | attachments/6943c930e3b19712548469.webp
restore-1  |           2,962 100%   10.26kB/s    0:00:00            2,962 100%   10.26kB/s    0:00:00 (xfr#818, to-chk=250/1070)
restore-1  | attachments/6943c930e4c1a319873993.webp
restore-1  |           3,698 100%   12.81kB/s    0:00:00            3,698 100%   12.81kB/s    0:00:00 (xfr#819, to-chk=249/1070)
restore-1  | attachments/6943c930e5d02634288594.webp
restore-1  |           1,262 100%    4.37kB/s    0:00:00            1,262 100%    4.37kB/s    0:00:00 (xfr#820, to-chk=248/1070)
restore-1  | attachments/6943c930e6e55531404046.webp
restore-1  |          32,768  78%  113.48kB/s    0:00:00           41,882 100%  145.04kB/s    0:00:00 (xfr#821, to-chk=247/1070)
restore-1  | attachments/6943c930e801e041875236.webp
restore-1  |           1,600 100%    5.54kB/s    0:00:00            1,600 100%    5.54kB/s    0:00:00 (xfr#822, to-chk=246/1070)
restore-1  | attachments/6943c930e923b802800338.webp
restore-1  |           6,038 100%   20.91kB/s    0:00:00            6,038 100%   20.91kB/s    0:00:00 (xfr#823, to-chk=245/1070)
restore-1  | attachments/6943c930ea3e5258204885.webp
restore-1  |           8,176 100%   28.21kB/s    0:00:00            8,176 100%   28.21kB/s    0:00:00 (xfr#824, to-chk=244/1070)
restore-1  | attachments/6943c930eb50e880439667.webp
restore-1  |           1,260 100%    4.35kB/s    0:00:00            1,260 100%    4.35kB/s    0:00:00 (xfr#825, to-chk=243/1070)
restore-1  | attachments/6943c930ec6b1692317955.webp
restore-1  |           4,974 100%   17.16kB/s    0:00:00            4,974 100%   17.16kB/s    0:00:00 (xfr#826, to-chk=242/1070)
restore-1  | attachments/6943c930ed7f7711672095.webp
restore-1  |          25,256 100%   87.15kB/s    0:00:00           25,256 100%   87.15kB/s    0:00:00 (xfr#827, to-chk=241/1070)
restore-1  | attachments/6943c930eea5d985912506.webp
restore-1  |           1,808 100%    6.24kB/s    0:00:00            1,808 100%    6.24kB/s    0:00:00 (xfr#828, to-chk=240/1070)
restore-1  | attachments/6943c930efc94164820638.webp
restore-1  |           9,158 100%   31.60kB/s    0:00:00            9,158 100%   31.60kB/s    0:00:00 (xfr#829, to-chk=239/1070)
restore-1  | attachments/6943c930f0e50814690628.webp
restore-1  |           5,346 100%   18.45kB/s    0:00:00            5,346 100%   18.45kB/s    0:00:00 (xfr#830, to-chk=238/1070)
restore-1  | attachments/6943c930f1fbe187602857.webp
restore-1  |           1,166 100%    4.02kB/s    0:00:00            1,166 100%    4.02kB/s    0:00:00 (xfr#831, to-chk=237/1070)
restore-1  | attachments/6943c930f3145501871580.webp
restore-1  |           2,610 100%    9.01kB/s    0:00:00            2,610 100%    9.01kB/s    0:00:00 (xfr#832, to-chk=236/1070)
restore-1  | attachments/6943c9310003b763920199.webp
restore-1  |           7,342 100%   25.34kB/s    0:00:00            7,342 100%   25.34kB/s    0:00:00 (xfr#833, to-chk=235/1070)
restore-1  | attachments/6943c9310169e677530110.webp
restore-1  |           2,914 100%   10.02kB/s    0:00:00            2,914 100%   10.02kB/s    0:00:00 (xfr#834, to-chk=234/1070)
restore-1  | attachments/6943c931028f0198791896.webp
restore-1  |           3,816 100%   13.12kB/s    0:00:00            3,816 100%   13.12kB/s    0:00:00 (xfr#835, to-chk=233/1070)
restore-1  | attachments/6943c93103b57953596726.webp
restore-1  |           1,212 100%    4.17kB/s    0:00:00            1,212 100%    4.17kB/s    0:00:00 (xfr#836, to-chk=232/1070)
restore-1  | attachments/6943c93104d61925217740.webp
restore-1  |           2,962 100%   10.19kB/s    0:00:00            2,962 100%   10.19kB/s    0:00:00 (xfr#837, to-chk=231/1070)
restore-1  | attachments/6943c93105f9c701858458.webp
restore-1  |           3,698 100%   12.72kB/s    0:00:00            3,698 100%   12.72kB/s    0:00:00 (xfr#838, to-chk=230/1070)
restore-1  | attachments/6943c931071a0277927737.webp
restore-1  |           1,262 100%    4.34kB/s    0:00:00            1,262 100%    4.34kB/s    0:00:00 (xfr#839, to-chk=229/1070)
restore-1  | attachments/6943c9310840b074511429.webp
restore-1  |          32,768  78%  112.28kB/s    0:00:00           41,882 100%  143.51kB/s    0:00:00 (xfr#840, to-chk=228/1070)
restore-1  | attachments/6943c931096bc898107536.webp
restore-1  |           1,600 100%    5.48kB/s    0:00:00            1,600 100%    5.48kB/s    0:00:00 (xfr#841, to-chk=227/1070)
restore-1  | attachments/6943c9310a8aa793771278.webp
restore-1  |           6,038 100%   20.69kB/s    0:00:00            6,038 100%   20.69kB/s    0:00:00 (xfr#842, to-chk=226/1070)
restore-1  | attachments/6943c9310ba4f252930289.webp
restore-1  |           8,176 100%   28.02kB/s    0:00:00            8,176 100%   28.02kB/s    0:00:00 (xfr#843, to-chk=225/1070)
restore-1  | attachments/6943c9310cc4f881425889.webp
restore-1  |           1,260 100%    4.32kB/s    0:00:00            1,260 100%    4.32kB/s    0:00:00 (xfr#844, to-chk=224/1070)
restore-1  | attachments/6943c9310de26432525103.webp
restore-1  |           4,974 100%   17.04kB/s    0:00:00            4,974 100%   17.04kB/s    0:00:00 (xfr#845, to-chk=223/1070)
restore-1  | attachments/6943c9310f089801349350.webp
restore-1  |          25,256 100%   86.54kB/s    0:00:00           25,256 100%   86.54kB/s    0:00:00 (xfr#846, to-chk=222/1070)
restore-1  | attachments/6943c931103d0994115439.webp
restore-1  |           1,808 100%    6.17kB/s    0:00:00            1,808 100%    6.17kB/s    0:00:00 (xfr#847, to-chk=221/1070)
restore-1  | attachments/6943c931115bb658359025.webp
restore-1  |           9,158 100%   31.27kB/s    0:00:00            9,158 100%   31.27kB/s    0:00:00 (xfr#848, to-chk=220/1070)
restore-1  | attachments/6943c9311288b908067310.webp
restore-1  |           5,346 100%   18.25kB/s    0:00:00            5,346 100%   18.25kB/s    0:00:00 (xfr#849, to-chk=219/1070)
restore-1  | attachments/6943c93113a7a823943010.webp
restore-1  |           1,166 100%    3.98kB/s    0:00:00            1,166 100%    3.98kB/s    0:00:00 (xfr#850, to-chk=218/1070)
restore-1  | attachments/6943c93114bd5162131959.webp
restore-1  |           2,610 100%    8.91kB/s    0:00:00            2,610 100%    8.91kB/s    0:00:00 (xfr#851, to-chk=217/1070)
restore-1  | attachments/6943c93115d0e989087585.webp
restore-1  |           7,342 100%   25.07kB/s    0:00:00            7,342 100%   25.07kB/s    0:00:00 (xfr#852, to-chk=216/1070)
restore-1  | attachments/6943c93117362806623245.webp
restore-1  |           3,506 100%   11.97kB/s    0:00:00            3,506 100%   11.97kB/s    0:00:00 (xfr#853, to-chk=215/1070)
restore-1  | attachments/6943c9311858c406799344.webp
restore-1  |           2,914 100%    9.95kB/s    0:00:00            2,914 100%    9.95kB/s    0:00:00 (xfr#854, to-chk=214/1070)
restore-1  | attachments/6943c9311977c760891063.webp
restore-1  |           3,816 100%   13.03kB/s    0:00:00            3,816 100%   12.98kB/s    0:00:00 (xfr#855, to-chk=213/1070)
restore-1  | attachments/6943c9311a964581117947.webp
restore-1  |           1,212 100%    4.12kB/s    0:00:00            1,212 100%    4.12kB/s    0:00:00 (xfr#856, to-chk=212/1070)
restore-1  | attachments/6943c9311bb6e589980153.webp
restore-1  |           2,962 100%   10.08kB/s    0:00:00            2,962 100%   10.08kB/s    0:00:00 (xfr#857, to-chk=211/1070)
restore-1  | attachments/6943c9311cdb1701641418.webp
restore-1  |           3,698 100%   12.58kB/s    0:00:00            3,698 100%   12.58kB/s    0:00:00 (xfr#858, to-chk=210/1070)
restore-1  | attachments/6943c9311df61014759350.webp
restore-1  |           1,262 100%    4.29kB/s    0:00:00            1,262 100%    4.29kB/s    0:00:00 (xfr#859, to-chk=209/1070)
restore-1  | attachments/6943c9311f162471799458.webp
restore-1  |          32,768  78%  111.50kB/s    0:00:00           41,882 100%  142.51kB/s    0:00:00 (xfr#860, to-chk=208/1070)
restore-1  | attachments/6943c931202cd176697144.webp
restore-1  |           1,600 100%    5.44kB/s    0:00:00            1,600 100%    5.44kB/s    0:00:00 (xfr#861, to-chk=207/1070)
restore-1  | attachments/6943c93121539333867558.webp
restore-1  |           6,038 100%   20.55kB/s    0:00:00            6,038 100%   20.55kB/s    0:00:00 (xfr#862, to-chk=206/1070)
restore-1  | attachments/6943c93122765527063990.webp
restore-1  |           8,176 100%   27.82kB/s    0:00:00            8,176 100%   27.82kB/s    0:00:00 (xfr#863, to-chk=205/1070)
restore-1  | attachments/6943c931238e5758823321.webp
restore-1  |           1,260 100%    4.29kB/s    0:00:00            1,260 100%    4.29kB/s    0:00:00 (xfr#864, to-chk=204/1070)
restore-1  | attachments/6943c93124b11198682929.webp
restore-1  |           4,974 100%   16.92kB/s    0:00:00            4,974 100%   16.92kB/s    0:00:00 (xfr#865, to-chk=203/1070)
restore-1  | attachments/6943c93125d26917675059.webp
restore-1  |          25,256 100%   85.64kB/s    0:00:00           25,256 100%   85.64kB/s    0:00:00 (xfr#866, to-chk=202/1070)
restore-1  | attachments/6943c93126f84792521648.webp
restore-1  |           1,808 100%    6.13kB/s    0:00:00            1,808 100%    6.13kB/s    0:00:00 (xfr#867, to-chk=201/1070)
restore-1  | attachments/6943c931281dd143270254.webp
restore-1  |           9,158 100%   31.05kB/s    0:00:00            9,158 100%   31.05kB/s    0:00:00 (xfr#868, to-chk=200/1070)
restore-1  | attachments/6943c9312942f177219237.webp
restore-1  |           5,346 100%   18.13kB/s    0:00:00            5,346 100%   18.13kB/s    0:00:00 (xfr#869, to-chk=199/1070)
restore-1  | attachments/6943c9312a625936718818.webp
restore-1  |           1,166 100%    3.95kB/s    0:00:00            1,166 100%    3.95kB/s    0:00:00 (xfr#870, to-chk=198/1070)
restore-1  | attachments/6943c9312b85a871203064.webp
restore-1  |           2,610 100%    8.85kB/s    0:00:00            2,610 100%    8.85kB/s    0:00:00 (xfr#871, to-chk=197/1070)
restore-1  | attachments/6943c9312cb10688448507.webp
restore-1  |           7,342 100%   24.81kB/s    0:00:00            7,342 100%   24.81kB/s    0:00:00 (xfr#872, to-chk=196/1070)
restore-1  | attachments/6943c9312e147037278515.webp
restore-1  |           1,026 100%    3.47kB/s    0:00:00            1,026 100%    3.47kB/s    0:00:00 (xfr#873, to-chk=195/1070)
restore-1  | attachments/6943c9312f31f720155409.webp
restore-1  |           3,506 100%   11.85kB/s    0:00:00            3,506 100%   11.85kB/s    0:00:00 (xfr#874, to-chk=194/1070)
restore-1  | attachments/6943c9313044f491886980.webp
restore-1  |           2,914 100%    9.85kB/s    0:00:00            2,914 100%    9.85kB/s    0:00:00 (xfr#875, to-chk=193/1070)
restore-1  | attachments/6943c9313166d855845028.webp
restore-1  |           3,816 100%   12.89kB/s    0:00:00            3,816 100%   12.89kB/s    0:00:00 (xfr#876, to-chk=192/1070)
restore-1  | attachments/6943c93132881493373287.webp
restore-1  |           1,212 100%    4.10kB/s    0:00:00            1,212 100%    4.10kB/s    0:00:00 (xfr#877, to-chk=191/1070)
restore-1  | attachments/6943c93133aec435495084.webp
restore-1  |           2,962 100%   10.01kB/s    0:00:00            2,962 100%   10.01kB/s    0:00:00 (xfr#878, to-chk=190/1070)
restore-1  | attachments/6943c93134e61829535134.webp
restore-1  |           3,698 100%   12.50kB/s    0:00:00            3,698 100%   12.50kB/s    0:00:00 (xfr#879, to-chk=189/1070)
restore-1  | attachments/6943c9313620c448908841.webp
restore-1  |           1,262 100%    4.26kB/s    0:00:00            1,262 100%    4.26kB/s    0:00:00 (xfr#880, to-chk=188/1070)
restore-1  | attachments/6943c93137628468460732.webp
restore-1  |          32,768  78%  110.73kB/s    0:00:00           41,882 100%  141.04kB/s    0:00:00 (xfr#881, to-chk=187/1070)
restore-1  | attachments/6943c9313897a085222519.webp
restore-1  |           1,600 100%    5.39kB/s    0:00:00            1,600 100%    5.39kB/s    0:00:00 (xfr#882, to-chk=186/1070)
restore-1  | attachments/6943c93139d95148121123.webp
restore-1  |           6,038 100%   20.33kB/s    0:00:00            6,038 100%   20.33kB/s    0:00:00 (xfr#883, to-chk=185/1070)
restore-1  | attachments/6943c9313b2ee291665191.webp
restore-1  |           8,176 100%   27.53kB/s    0:00:00            8,176 100%   27.53kB/s    0:00:00 (xfr#884, to-chk=184/1070)
restore-1  | attachments/6943c9313c6a0972404680.webp
restore-1  |           1,260 100%    4.24kB/s    0:00:00            1,260 100%    4.24kB/s    0:00:00 (xfr#885, to-chk=183/1070)
restore-1  | attachments/6943c9313db57969749642.webp
restore-1  |           4,974 100%   16.75kB/s    0:00:00            4,974 100%   16.75kB/s    0:00:00 (xfr#886, to-chk=182/1070)
restore-1  | attachments/6943c9313eee1496408804.webp
restore-1  |          25,256 100%   85.05kB/s    0:00:00           25,256 100%   85.05kB/s    0:00:00 (xfr#887, to-chk=181/1070)
restore-1  | attachments/6943c93140256054016499.webp
restore-1  |           1,808 100%    6.09kB/s    0:00:00            1,808 100%    6.09kB/s    0:00:00 (xfr#888, to-chk=180/1070)
restore-1  | attachments/6943c9314165e422775417.webp
restore-1  |           9,158 100%   30.73kB/s    0:00:00            9,158 100%   30.73kB/s    0:00:00 (xfr#889, to-chk=179/1070)
restore-1  | attachments/6943c93142a13839153507.webp
restore-1  |           5,346 100%   17.94kB/s    0:00:00            5,346 100%   17.94kB/s    0:00:00 (xfr#890, to-chk=178/1070)
restore-1  | attachments/6943c93143df4631147443.webp
restore-1  |           1,166 100%    3.91kB/s    0:00:00            1,166 100%    3.91kB/s    0:00:00 (xfr#891, to-chk=177/1070)
restore-1  | attachments/6943c931451e9129180085.webp
restore-1  |           2,610 100%    8.76kB/s    0:00:00            2,610 100%    8.76kB/s    0:00:00 (xfr#892, to-chk=176/1070)
restore-1  | attachments/6943c931465d8345966007.webp
restore-1  |           7,342 100%   24.64kB/s    0:00:00            7,342 100%   24.64kB/s    0:00:00 (xfr#893, to-chk=175/1070)
restore-1  | attachments/6943c93147d02709804344.webp
restore-1  |           5,838 100%   19.59kB/s    0:00:00            5,838 100%   19.59kB/s    0:00:00 (xfr#894, to-chk=174/1070)
restore-1  | attachments/6943c93148ec2744505012.webp
restore-1  |           1,026 100%    3.44kB/s    0:00:00            1,026 100%    3.44kB/s    0:00:00 (xfr#895, to-chk=173/1070)
restore-1  | attachments/6943c9314a015734468572.webp
restore-1  |           3,506 100%   11.77kB/s    0:00:00            3,506 100%   11.77kB/s    0:00:00 (xfr#896, to-chk=172/1070)
restore-1  | attachments/6943c9314b107828586928.webp
restore-1  |           2,914 100%    9.78kB/s    0:00:00            2,914 100%    9.78kB/s    0:00:00 (xfr#897, to-chk=171/1070)
restore-1  | attachments/6943c9314c266982618614.webp
restore-1  |           3,816 100%   12.81kB/s    0:00:00            3,816 100%   12.76kB/s    0:00:00 (xfr#898, to-chk=170/1070)
restore-1  | attachments/6943c9314d363113964743.webp
restore-1  |           1,212 100%    4.05kB/s    0:00:00            1,212 100%    4.05kB/s    0:00:00 (xfr#899, to-chk=169/1070)
restore-1  | attachments/6943c9314e4dc462473646.webp
restore-1  |           2,962 100%    9.91kB/s    0:00:00            2,962 100%    9.91kB/s    0:00:00 (xfr#900, to-chk=168/1070)
restore-1  | attachments/6943c9314f655388953629.webp
restore-1  |           3,698 100%   12.37kB/s    0:00:00            3,698 100%   12.37kB/s    0:00:00 (xfr#901, to-chk=167/1070)
restore-1  | attachments/6943c9315076a408358019.webp
restore-1  |           1,262 100%    4.22kB/s    0:00:00            1,262 100%    4.22kB/s    0:00:00 (xfr#902, to-chk=166/1070)
restore-1  | attachments/6943c9315192f960247759.webp
restore-1  |          32,768  78%  109.59kB/s    0:00:00           41,882 100%  140.07kB/s    0:00:00 (xfr#903, to-chk=165/1070)
restore-1  | attachments/6943c93152a38002683494.webp
restore-1  |           1,600 100%    5.35kB/s    0:00:00            1,600 100%    5.35kB/s    0:00:00 (xfr#904, to-chk=164/1070)
restore-1  | attachments/6943c93153bb1590331069.webp
restore-1  |           6,038 100%   20.19kB/s    0:00:00            6,038 100%   20.19kB/s    0:00:00 (xfr#905, to-chk=163/1070)
restore-1  | attachments/6943c93154cc8301161292.webp
restore-1  |           8,176 100%   27.34kB/s    0:00:00            8,176 100%   27.34kB/s    0:00:00 (xfr#906, to-chk=162/1070)
restore-1  | attachments/6943c93155e07424167640.webp
restore-1  |           1,260 100%    4.21kB/s    0:00:00            1,260 100%    4.21kB/s    0:00:00 (xfr#907, to-chk=161/1070)
restore-1  | attachments/6943c93156efb112919694.webp
restore-1  |           4,974 100%   16.64kB/s    0:00:00            4,974 100%   16.64kB/s    0:00:00 (xfr#908, to-chk=160/1070)
restore-1  | attachments/6943c93158089287572224.webp
restore-1  |          25,256 100%   84.18kB/s    0:00:00           25,256 100%   84.18kB/s    0:00:00 (xfr#909, to-chk=159/1070)
restore-1  | attachments/6943c93159210928689172.webp
restore-1  |           1,808 100%    6.03kB/s    0:00:00            1,808 100%    6.03kB/s    0:00:00 (xfr#910, to-chk=158/1070)
restore-1  | attachments/6943c9315a374705012993.webp
restore-1  |           9,158 100%   30.52kB/s    0:00:00            9,158 100%   30.52kB/s    0:00:00 (xfr#911, to-chk=157/1070)
restore-1  | attachments/6943c9315b4f2096545496.webp
restore-1  |           5,346 100%   17.82kB/s    0:00:00            5,346 100%   17.82kB/s    0:00:00 (xfr#912, to-chk=156/1070)
restore-1  | attachments/6943c9315c676880582061.webp
restore-1  |           1,166 100%    3.89kB/s    0:00:00            1,166 100%    3.89kB/s    0:00:00 (xfr#913, to-chk=155/1070)
restore-1  | attachments/6943c9315d7c3759781582.webp
restore-1  |           2,610 100%    8.70kB/s    0:00:00            2,610 100%    8.70kB/s    0:00:00 (xfr#914, to-chk=154/1070)
restore-1  | attachments/6943c9315e924823285261.webp
restore-1  |           7,342 100%   24.47kB/s    0:00:00            7,342 100%   24.47kB/s    0:00:00 (xfr#915, to-chk=153/1070)
restore-1  | attachments/6943c9315fecb810792603.webp
restore-1  |           4,812 100%   16.04kB/s    0:00:00            4,812 100%   16.04kB/s    0:00:00 (xfr#916, to-chk=152/1070)
restore-1  | attachments/6943c93161011635833106.webp
restore-1  |           5,838 100%   19.46kB/s    0:00:00            5,838 100%   19.46kB/s    0:00:00 (xfr#917, to-chk=151/1070)
restore-1  | attachments/6943c9316218e795099930.webp
restore-1  |           1,026 100%    3.42kB/s    0:00:00            1,026 100%    3.42kB/s    0:00:00 (xfr#918, to-chk=150/1070)
restore-1  | attachments/6943c93163398074033526.webp
restore-1  |           3,506 100%   11.65kB/s    0:00:00            3,506 100%   11.65kB/s    0:00:00 (xfr#919, to-chk=149/1070)
restore-1  | attachments/6943c931644fd452187359.webp
restore-1  |           2,914 100%    9.68kB/s    0:00:00            2,914 100%    9.68kB/s    0:00:00 (xfr#920, to-chk=148/1070)
restore-1  | attachments/6943c93165760129185867.webp
restore-1  |           3,816 100%   12.68kB/s    0:00:00            3,816 100%   12.68kB/s    0:00:00 (xfr#921, to-chk=147/1070)
restore-1  | attachments/6943c9316d472739416041.webp
restore-1  |           1,212 100%    4.03kB/s    0:00:00            1,212 100%    4.03kB/s    0:00:00 (xfr#922, to-chk=146/1070)
restore-1  | attachments/6943c9316ead9767762142.webp
restore-1  |           2,962 100%    9.84kB/s    0:00:00            2,962 100%    9.84kB/s    0:00:00 (xfr#923, to-chk=145/1070)
restore-1  | attachments/6943c9316fe92138357112.webp
restore-1  |           3,698 100%   12.28kB/s    0:00:00            3,698 100%   12.28kB/s    0:00:00 (xfr#924, to-chk=144/1070)
restore-1  | attachments/6943c93171171137445696.webp
restore-1  |           1,262 100%    4.19kB/s    0:00:00            1,262 100%    4.19kB/s    0:00:00 (xfr#925, to-chk=143/1070)
restore-1  | attachments/6943c93172506919903097.webp
restore-1  |          32,768  78%  108.84kB/s    0:00:00           41,882 100%  139.12kB/s    0:00:00 (xfr#926, to-chk=142/1070)
restore-1  | attachments/6943c931737fd772738080.webp
restore-1  |           1,600 100%    5.31kB/s    0:00:00            1,600 100%    5.31kB/s    0:00:00 (xfr#927, to-chk=141/1070)
restore-1  | attachments/6943c93174aa8317659802.webp
restore-1  |           6,038 100%   19.99kB/s    0:00:00            6,038 100%   19.99kB/s    0:00:00 (xfr#928, to-chk=140/1070)
restore-1  | attachments/6943c93175d0f281288728.webp
restore-1  |           8,176 100%   27.07kB/s    0:00:00            8,176 100%   27.07kB/s    0:00:00 (xfr#929, to-chk=139/1070)
restore-1  | attachments/6943c93176e94718926802.webp
restore-1  |           1,260 100%    4.17kB/s    0:00:00            1,260 100%    4.17kB/s    0:00:00 (xfr#930, to-chk=138/1070)
restore-1  | attachments/6943c93178093712083366.webp
restore-1  |           4,974 100%   16.47kB/s    0:00:00            4,974 100%   16.47kB/s    0:00:00 (xfr#931, to-chk=137/1070)
restore-1  | attachments/6943c93179275198873417.webp
restore-1  |          25,256 100%   83.61kB/s    0:00:00           25,256 100%   83.61kB/s    0:00:00 (xfr#932, to-chk=136/1070)
restore-1  | attachments/6943c9317a3c7811216051.webp
restore-1  |           1,808 100%    5.99kB/s    0:00:00            1,808 100%    5.99kB/s    0:00:00 (xfr#933, to-chk=135/1070)
restore-1  | attachments/6943c9317b4e8141760815.webp
restore-1  |           9,158 100%   30.32kB/s    0:00:00            9,158 100%   30.32kB/s    0:00:00 (xfr#934, to-chk=134/1070)
restore-1  | attachments/6943c9317c5ed861846157.webp
restore-1  |           5,346 100%   17.70kB/s    0:00:00            5,346 100%   17.70kB/s    0:00:00 (xfr#935, to-chk=133/1070)
restore-1  | attachments/6943c9317d738896778735.webp
restore-1  |           1,166 100%    3.86kB/s    0:00:00            1,166 100%    3.86kB/s    0:00:00 (xfr#936, to-chk=132/1070)
restore-1  | attachments/6943c9317e81e435746794.webp
restore-1  |           2,610 100%    8.61kB/s    0:00:00            2,610 100%    8.61kB/s    0:00:00 (xfr#937, to-chk=131/1070)
restore-1  | attachments/6943c9317f953946787054.webp
restore-1  |           7,342 100%   24.22kB/s    0:00:00            7,342 100%   24.22kB/s    0:00:00 (xfr#938, to-chk=130/1070)
restore-1  | attachments/6943c93180f89079593283.webp
restore-1  |           1,278 100%    4.22kB/s    0:00:00            1,278 100%    4.22kB/s    0:00:00 (xfr#939, to-chk=129/1070)
restore-1  | attachments/6943c93182208344395405.webp
restore-1  |           4,812 100%   15.88kB/s    0:00:00            4,812 100%   15.88kB/s    0:00:00 (xfr#940, to-chk=128/1070)
restore-1  | attachments/6943c931833e7632863782.webp
restore-1  |           5,838 100%   19.26kB/s    0:00:00            5,838 100%   19.26kB/s    0:00:00 (xfr#941, to-chk=127/1070)
restore-1  | attachments/6943c9318454e144970091.webp
restore-1  |           1,026 100%    3.38kB/s    0:00:00            1,026 100%    3.38kB/s    0:00:00 (xfr#942, to-chk=126/1070)
restore-1  | attachments/6943c9318575c038916272.webp
restore-1  |           3,506 100%   11.53kB/s    0:00:00            3,506 100%   11.53kB/s    0:00:00 (xfr#943, to-chk=125/1070)
restore-1  | attachments/6943c93186912650675903.webp
restore-1  |           2,914 100%    9.58kB/s    0:00:00            2,914 100%    9.58kB/s    0:00:00 (xfr#944, to-chk=124/1070)
restore-1  | attachments/6943c93187afe371835277.webp
restore-1  |           3,816 100%   12.55kB/s    0:00:00            3,816 100%   12.55kB/s    0:00:00 (xfr#945, to-chk=123/1070)
restore-1  | attachments/6943c93188ce9525501429.webp
restore-1  |           1,212 100%    3.99kB/s    0:00:00            1,212 100%    3.99kB/s    0:00:00 (xfr#946, to-chk=122/1070)
restore-1  | attachments/6943c93189ea5522327013.webp
restore-1  |           2,962 100%    9.74kB/s    0:00:00            2,962 100%    9.74kB/s    0:00:00 (xfr#947, to-chk=121/1070)
restore-1  | attachments/6943c9318b127823046020.webp
restore-1  |           3,698 100%   12.16kB/s    0:00:00            3,698 100%   12.16kB/s    0:00:00 (xfr#948, to-chk=120/1070)
restore-1  | attachments/6943c9318c2aa683387094.webp
restore-1  |           1,262 100%    4.15kB/s    0:00:00            1,262 100%    4.15kB/s    0:00:00 (xfr#949, to-chk=119/1070)
restore-1  | attachments/6943c9318dd6b935193948.webp
restore-1  |          32,768  78%  107.74kB/s    0:00:00           41,882 100%  137.71kB/s    0:00:00 (xfr#950, to-chk=118/1070)
restore-1  | attachments/6943c9318f0c7445147068.webp
restore-1  |           1,600 100%    5.26kB/s    0:00:00            1,600 100%    5.26kB/s    0:00:00 (xfr#951, to-chk=117/1070)
restore-1  | attachments/6943c93190380495153876.webp
restore-1  |           6,038 100%   19.85kB/s    0:00:00            6,038 100%   19.85kB/s    0:00:00 (xfr#952, to-chk=116/1070)
restore-1  | attachments/6943c93191601939682233.webp
restore-1  |           8,176 100%   26.88kB/s    0:00:00            8,176 100%   26.88kB/s    0:00:00 (xfr#953, to-chk=115/1070)
restore-1  | attachments/6943c9319286d286095770.webp
restore-1  |           1,260 100%    4.14kB/s    0:00:00            1,260 100%    4.14kB/s    0:00:00 (xfr#954, to-chk=114/1070)
restore-1  | attachments/6943c93193aec645351923.webp
restore-1  |           4,974 100%   16.35kB/s    0:00:00            4,974 100%   16.35kB/s    0:00:00 (xfr#955, to-chk=113/1070)
restore-1  | attachments/6943c93194ca6446423818.webp
restore-1  |          25,256 100%   83.04kB/s    0:00:00           25,256 100%   83.04kB/s    0:00:00 (xfr#956, to-chk=112/1070)
restore-1  | attachments/6943c93195dda923510330.webp
restore-1  |           1,808 100%    5.94kB/s    0:00:00            1,808 100%    5.94kB/s    0:00:00 (xfr#957, to-chk=111/1070)
restore-1  | attachments/6943c93196f0f752170908.webp
restore-1  |           9,158 100%   30.01kB/s    0:00:00            9,158 100%   30.01kB/s    0:00:00 (xfr#958, to-chk=110/1070)
restore-1  | attachments/6943c93198081291304482.webp
restore-1  |           5,346 100%   17.52kB/s    0:00:00            5,346 100%   17.52kB/s    0:00:00 (xfr#959, to-chk=109/1070)
restore-1  | attachments/6943c9319916b609756392.webp
restore-1  |           1,166 100%    3.82kB/s    0:00:00            1,166 100%    3.82kB/s    0:00:00 (xfr#960, to-chk=108/1070)
restore-1  | attachments/6943c9319a24f924174723.webp
restore-1  |           2,610 100%    8.55kB/s    0:00:00            2,610 100%    8.55kB/s    0:00:00 (xfr#961, to-chk=107/1070)
restore-1  | attachments/6943c9319b33b375185008.webp
restore-1  |           7,342 100%   24.06kB/s    0:00:00            7,342 100%   24.06kB/s    0:00:00 (xfr#962, to-chk=106/1070)
restore-1  | attachments/6943c9319c914796963984.webp
restore-1  |          23,060 100%   75.32kB/s    0:00:00           23,060 100%   75.32kB/s    0:00:00 (xfr#963, to-chk=105/1070)
restore-1  | attachments/6943c9319da53077205518.webp
restore-1  |           1,278 100%    4.17kB/s    0:00:00            1,278 100%    4.17kB/s    0:00:00 (xfr#964, to-chk=104/1070)
restore-1  | attachments/6943c9319eb3c350150300.webp
restore-1  |           4,812 100%   15.72kB/s    0:00:00            4,812 100%   15.72kB/s    0:00:00 (xfr#965, to-chk=103/1070)
restore-1  | attachments/6943c9319fc24200120933.webp
restore-1  |           5,838 100%   19.07kB/s    0:00:00            5,838 100%   19.07kB/s    0:00:00 (xfr#966, to-chk=102/1070)
restore-1  | attachments/6943c931a0cb0282033956.webp
restore-1  |           1,026 100%    3.35kB/s    0:00:00            1,026 100%    3.35kB/s    0:00:00 (xfr#967, to-chk=101/1070)
restore-1  | attachments/6943c931a1e0c169428258.webp
restore-1  |           3,506 100%   11.45kB/s    0:00:00            3,506 100%   11.45kB/s    0:00:00 (xfr#968, to-chk=100/1070)
restore-1  | attachments/6943c931a3055895730679.webp
restore-1  |           2,914 100%    9.52kB/s    0:00:00            2,914 100%    9.52kB/s    0:00:00 (xfr#969, to-chk=99/1070)
restore-1  | attachments/6943c931a4273559887391.webp
restore-1  |           3,816 100%   12.46kB/s    0:00:00            3,816 100%   12.46kB/s    0:00:00 (xfr#970, to-chk=98/1070)
restore-1  | attachments/6943c931a5409924487580.webp
restore-1  |           1,212 100%    3.96kB/s    0:00:00            1,212 100%    3.96kB/s    0:00:00 (xfr#971, to-chk=97/1070)
restore-1  | attachments/6943c931a6544099057267.webp
restore-1  |           2,962 100%    9.67kB/s    0:00:00            2,962 100%    9.67kB/s    0:00:00 (xfr#972, to-chk=96/1070)
restore-1  | attachments/6943c931a75e1783767225.webp
restore-1  |           3,698 100%   12.08kB/s    0:00:00            3,698 100%   12.08kB/s    0:00:00 (xfr#973, to-chk=95/1070)
restore-1  | attachments/6943c931a864f675825172.webp
restore-1  |           1,262 100%    4.12kB/s    0:00:00            1,262 100%    4.12kB/s    0:00:00 (xfr#974, to-chk=94/1070)
restore-1  | attachments/6943c931a9726015342360.webp
restore-1  |          32,768  78%  106.67kB/s    0:00:00           41,882 100%  136.33kB/s    0:00:00 (xfr#975, to-chk=93/1070)
restore-1  | attachments/6943c931aa7c8076543728.webp
restore-1  |           1,600 100%    5.21kB/s    0:00:00            1,600 100%    5.21kB/s    0:00:00 (xfr#976, to-chk=92/1070)
restore-1  | attachments/6943c931ab832717849217.webp
restore-1  |           6,038 100%   19.65kB/s    0:00:00            6,038 100%   19.65kB/s    0:00:00 (xfr#977, to-chk=91/1070)
restore-1  | attachments/6943c931ac866433216436.webp
restore-1  |           8,176 100%   26.61kB/s    0:00:00            8,176 100%   26.61kB/s    0:00:00 (xfr#978, to-chk=90/1070)
restore-1  | attachments/6943c931ad848654107137.webp
restore-1  |           1,260 100%    4.10kB/s    0:00:00            1,260 100%    4.10kB/s    0:00:00 (xfr#979, to-chk=89/1070)
restore-1  | attachments/6943c931ae819720933845.webp
restore-1  |           4,974 100%   16.19kB/s    0:00:00            4,974 100%   16.19kB/s    0:00:00 (xfr#980, to-chk=88/1070)
restore-1  | attachments/6943c931af87b581911652.webp
restore-1  |          25,256 100%   82.21kB/s    0:00:00           25,256 100%   82.21kB/s    0:00:00 (xfr#981, to-chk=87/1070)
restore-1  | attachments/6943c931b0947591842242.webp
restore-1  |           1,808 100%    5.89kB/s    0:00:00            1,808 100%    5.89kB/s    0:00:00 (xfr#982, to-chk=86/1070)
restore-1  | attachments/6943c931b19fd380844349.webp
restore-1  |           9,158 100%   29.71kB/s    0:00:00            9,158 100%   29.71kB/s    0:00:00 (xfr#983, to-chk=85/1070)
restore-1  | attachments/6943c931b2aa1915815574.webp
restore-1  |           5,346 100%   17.34kB/s    0:00:00            5,346 100%   17.34kB/s    0:00:00 (xfr#984, to-chk=84/1070)
restore-1  | attachments/6943c931b3b0e632484960.webp
restore-1  |           1,166 100%    3.78kB/s    0:00:00            1,166 100%    3.78kB/s    0:00:00 (xfr#985, to-chk=83/1070)
restore-1  | attachments/6943c931b4bec484527590.webp
restore-1  |           2,610 100%    8.47kB/s    0:00:00            2,610 100%    8.47kB/s    0:00:00 (xfr#986, to-chk=82/1070)
restore-1  | attachments/6943c931b5cd5298867425.webp
restore-1  |           7,342 100%   23.82kB/s    0:00:00            7,342 100%   23.82kB/s    0:00:00 (xfr#987, to-chk=81/1070)
restore-1  | attachments/6943c931b71fc648892945.webp
restore-1  |           3,382 100%   10.97kB/s    0:00:00            3,382 100%   10.97kB/s    0:00:00 (xfr#988, to-chk=80/1070)
restore-1  | attachments/6943c931b83e5891977487.webp
restore-1  |          23,060 100%   74.82kB/s    0:00:00           23,060 100%   74.82kB/s    0:00:00 (xfr#989, to-chk=79/1070)
restore-1  | attachments/6943c931b9520863173756.webp
restore-1  |           1,278 100%    4.15kB/s    0:00:00            1,278 100%    4.15kB/s    0:00:00 (xfr#990, to-chk=78/1070)
restore-1  | attachments/6943c931ba675071886129.webp
restore-1  |           4,812 100%   15.61kB/s    0:00:00            4,812 100%   15.61kB/s    0:00:00 (xfr#991, to-chk=77/1070)
restore-1  | attachments/6943c931bb7cb585023848.webp
restore-1  |           5,838 100%   18.94kB/s    0:00:00            5,838 100%   18.94kB/s    0:00:00 (xfr#992, to-chk=76/1070)
restore-1  | attachments/6943c931bc97f217921381.webp
restore-1  |           1,026 100%    3.33kB/s    0:00:00            1,026 100%    3.33kB/s    0:00:00 (xfr#993, to-chk=75/1070)
restore-1  | attachments/6943c931bdbc7630497110.webp
restore-1  |           3,506 100%   11.37kB/s    0:00:00            3,506 100%   11.37kB/s    0:00:00 (xfr#994, to-chk=74/1070)
restore-1  | attachments/6943c931bed8b241295661.webp
restore-1  |           2,914 100%    9.42kB/s    0:00:00            2,914 100%    9.42kB/s    0:00:00 (xfr#995, to-chk=73/1070)
restore-1  | attachments/6943c931bfed9991777573.webp
restore-1  |           3,816 100%   12.34kB/s    0:00:00            3,816 100%   12.34kB/s    0:00:00 (xfr#996, to-chk=72/1070)
restore-1  | attachments/6943c931c0fbd781555224.webp
restore-1  |           1,212 100%    3.92kB/s    0:00:00            1,212 100%    3.92kB/s    0:00:00 (xfr#997, to-chk=71/1070)
restore-1  | attachments/6943c931c2114844942775.webp
restore-1  |           2,962 100%    9.58kB/s    0:00:00            2,962 100%    9.58kB/s    0:00:00 (xfr#998, to-chk=70/1070)
restore-1  | attachments/6943c931c327f312985206.webp
restore-1  |           3,698 100%   11.96kB/s    0:00:00            3,698 100%   11.96kB/s    0:00:00 (xfr#999, to-chk=69/1070)
restore-1  | attachments/6943c931c4407017291073.webp
restore-1  |           1,262 100%    4.08kB/s    0:00:00            1,262 100%    4.08kB/s    0:00:00 (xfr#1000, to-chk=68/1070)
restore-1  | attachments/6943c931c57ce063894946.webp
restore-1  |          32,768  78%  105.96kB/s    0:00:00           41,882 100%  135.43kB/s    0:00:00 (xfr#1001, to-chk=67/1070)
restore-1  | attachments/6943c931c6c73154978428.webp
restore-1  |           1,600 100%    5.17kB/s    0:00:00            1,600 100%    5.17kB/s    0:00:00 (xfr#1002, to-chk=66/1070)
restore-1  | attachments/6943c931c8140109964363.webp
restore-1  |           6,038 100%   19.52kB/s    0:00:00            6,038 100%   19.52kB/s    0:00:00 (xfr#1003, to-chk=65/1070)
restore-1  | attachments/6943c931c9550929798876.webp
restore-1  |           8,176 100%   26.35kB/s    0:00:00            8,176 100%   26.35kB/s    0:00:00 (xfr#1004, to-chk=64/1070)
restore-1  | attachments/6943c931ca8ca920993714.webp
restore-1  |           1,260 100%    4.06kB/s    0:00:00            1,260 100%    4.06kB/s    0:00:00 (xfr#1005, to-chk=63/1070)
restore-1  | attachments/6943c931cbbec094661940.webp
restore-1  |           4,974 100%   16.03kB/s    0:00:00            4,974 100%   16.03kB/s    0:00:00 (xfr#1006, to-chk=62/1070)
restore-1  | attachments/6943c931cd062451889888.webp
restore-1  |          25,256 100%   81.40kB/s    0:00:00           25,256 100%   81.40kB/s    0:00:00 (xfr#1007, to-chk=61/1070)
restore-1  | attachments/6943c931ce357723242466.webp
restore-1  |           1,808 100%    5.83kB/s    0:00:00            1,808 100%    5.83kB/s    0:00:00 (xfr#1008, to-chk=60/1070)
restore-1  | attachments/6943c931cf689294024141.webp
restore-1  |           9,158 100%   29.52kB/s    0:00:00            9,158 100%   29.52kB/s    0:00:00 (xfr#1009, to-chk=59/1070)
restore-1  | attachments/6943c931d095d591429236.webp
restore-1  |           5,346 100%   17.23kB/s    0:00:00            5,346 100%   17.23kB/s    0:00:00 (xfr#1010, to-chk=58/1070)
restore-1  | attachments/6943c931d1bc3720188728.webp
restore-1  |           1,166 100%    3.76kB/s    0:00:00            1,166 100%    3.76kB/s    0:00:00 (xfr#1011, to-chk=57/1070)
restore-1  | attachments/6943c931d2dfd743127751.webp
restore-1  |           2,610 100%    8.41kB/s    0:00:00            2,610 100%    8.41kB/s    0:00:00 (xfr#1012, to-chk=56/1070)
restore-1  | attachments/6943c931d40d7704507391.webp
restore-1  |           7,342 100%   23.59kB/s    0:00:00            7,342 100%   23.59kB/s    0:00:00 (xfr#1013, to-chk=55/1070)
restore-1  | attachments/6943c931d57f7097008743.webp
restore-1  |           1,918 100%    6.16kB/s    0:00:00            1,918 100%    6.16kB/s    0:00:00 (xfr#1014, to-chk=54/1070)
restore-1  | attachments/6943c931d6b69374187526.webp
restore-1  |           3,382 100%   10.86kB/s    0:00:00            3,382 100%   10.86kB/s    0:00:00 (xfr#1015, to-chk=53/1070)
restore-1  | attachments/6943c931d7ebe676036752.webp
restore-1  |          23,060 100%   74.08kB/s    0:00:00           23,060 100%   74.08kB/s    0:00:00 (xfr#1016, to-chk=52/1070)
restore-1  | attachments/6943c931d9138844589201.webp
restore-1  |           1,278 100%    4.11kB/s    0:00:00            1,278 100%    4.11kB/s    0:00:00 (xfr#1017, to-chk=51/1070)
restore-1  | attachments/6943c931da34a021523740.webp
restore-1  |           4,812 100%   15.46kB/s    0:00:00            4,812 100%   15.46kB/s    0:00:00 (xfr#1018, to-chk=50/1070)
restore-1  | attachments/6943c931db5f0105161773.webp
restore-1  |           5,838 100%   18.75kB/s    0:00:00            5,838 100%   18.75kB/s    0:00:00 (xfr#1019, to-chk=49/1070)
restore-1  | attachments/6943c931dc8b7006341557.webp
restore-1  |           1,026 100%    3.30kB/s    0:00:00            1,026 100%    3.30kB/s    0:00:00 (xfr#1020, to-chk=48/1070)
restore-1  | attachments/6943c931ddae8475145733.webp
restore-1  |           3,506 100%   11.26kB/s    0:00:00            3,506 100%   11.26kB/s    0:00:00 (xfr#1021, to-chk=47/1070)
restore-1  | attachments/6943c931ded25143916292.webp
restore-1  |           2,914 100%    9.36kB/s    0:00:00            2,914 100%    9.36kB/s    0:00:00 (xfr#1022, to-chk=46/1070)
restore-1  | attachments/6943c931dff53410750261.webp
restore-1  |           3,816 100%   12.26kB/s    0:00:00            3,816 100%   12.26kB/s    0:00:00 (xfr#1023, to-chk=45/1070)
restore-1  | attachments/6943c931e113e349138277.webp
restore-1  |           1,212 100%    3.89kB/s    0:00:00            1,212 100%    3.89kB/s    0:00:00 (xfr#1024, to-chk=44/1070)
restore-1  | attachments/6943c931e228e804293368.webp
restore-1  |           2,962 100%    9.52kB/s    0:00:00            2,962 100%    9.52kB/s    0:00:00 (xfr#1025, to-chk=43/1070)
restore-1  | attachments/6943c931e33a9153601608.webp
restore-1  |           3,698 100%   11.84kB/s    0:00:00            3,698 100%   11.84kB/s    0:00:00 (xfr#1026, to-chk=42/1070)
restore-1  | attachments/6943c931e44a6235217898.webp
restore-1  |           1,262 100%    4.04kB/s    0:00:00            1,262 100%    4.04kB/s    0:00:00 (xfr#1027, to-chk=41/1070)
restore-1  | attachments/6943c931e57ce533817552.webp
restore-1  |          32,768  78%  104.92kB/s    0:00:00           41,882 100%  134.10kB/s    0:00:00 (xfr#1028, to-chk=40/1070)
restore-1  | attachments/6943c931e69f3190989930.webp
restore-1  |           1,600 100%    5.12kB/s    0:00:00            1,600 100%    5.12kB/s    0:00:00 (xfr#1029, to-chk=39/1070)
restore-1  | attachments/6943c931e7c01155686914.webp
restore-1  |           6,038 100%   19.33kB/s    0:00:00            6,038 100%   19.33kB/s    0:00:00 (xfr#1030, to-chk=38/1070)
restore-1  | attachments/6943c931e8e62081848860.webp
restore-1  |           8,176 100%   26.18kB/s    0:00:00            8,176 100%   26.18kB/s    0:00:00 (xfr#1031, to-chk=37/1070)
restore-1  | attachments/6943c931ea068344004201.webp
restore-1  |           1,260 100%    4.03kB/s    0:00:00            1,260 100%    4.03kB/s    0:00:00 (xfr#1032, to-chk=36/1070)
restore-1  | attachments/6943c931eb2e4572314573.webp
restore-1  |           4,974 100%   15.93kB/s    0:00:00            4,974 100%   15.93kB/s    0:00:00 (xfr#1033, to-chk=35/1070)
restore-1  | attachments/6943c931ec507842630052.webp
restore-1  |          25,256 100%   80.60kB/s    0:00:00           25,256 100%   80.60kB/s    0:00:00 (xfr#1034, to-chk=34/1070)
restore-1  | attachments/6943c931ed793829074510.webp
restore-1  |           1,808 100%    5.77kB/s    0:00:00            1,808 100%    5.77kB/s    0:00:00 (xfr#1035, to-chk=33/1070)
restore-1  | attachments/6943c931eea75252835957.webp
restore-1  |           9,158 100%   29.23kB/s    0:00:00            9,158 100%   29.23kB/s    0:00:00 (xfr#1036, to-chk=32/1070)
restore-1  | attachments/6943c931efcc1971079939.webp
restore-1  |           5,346 100%   17.06kB/s    0:00:00            5,346 100%   17.06kB/s    0:00:00 (xfr#1037, to-chk=31/1070)
restore-1  | attachments/6943c931f0ea1879016170.webp
restore-1  |           1,166 100%    3.72kB/s    0:00:00            1,166 100%    3.72kB/s    0:00:00 (xfr#1038, to-chk=30/1070)
restore-1  | attachments/6943c931f2056336888546.webp
restore-1  |           2,610 100%    8.33kB/s    0:00:00            2,610 100%    8.33kB/s    0:00:00 (xfr#1039, to-chk=29/1070)
restore-1  | attachments/6943c931f3369820683368.webp
restore-1  |           7,342 100%   23.43kB/s    0:00:00            7,342 100%   23.43kB/s    0:00:00 (xfr#1040, to-chk=28/1070)
restore-1  | attachments/6943c93200965533577677.webp
restore-1  |           2,690 100%    8.58kB/s    0:00:00            2,690 100%    8.58kB/s    0:00:00 (xfr#1041, to-chk=27/1070)
restore-1  | attachments/6943c93201d5e968526795.webp
restore-1  |           1,918 100%    6.12kB/s    0:00:00            1,918 100%    6.12kB/s    0:00:00 (xfr#1042, to-chk=26/1070)
restore-1  | attachments/6943c93203100526760119.webp
restore-1  |           3,382 100%   10.79kB/s    0:00:00            3,382 100%   10.79kB/s    0:00:00 (xfr#1043, to-chk=25/1070)
restore-1  | attachments/6943c93204445374613798.webp
restore-1  |          23,060 100%   73.35kB/s    0:00:00           23,060 100%   73.35kB/s    0:00:00 (xfr#1044, to-chk=24/1070)
restore-1  | attachments/6943c932056e7067048774.webp
restore-1  |           1,278 100%    4.07kB/s    0:00:00            1,278 100%    4.07kB/s    0:00:00 (xfr#1045, to-chk=23/1070)
restore-1  | attachments/6943c93206909316513178.webp
restore-1  |           4,812 100%   15.31kB/s    0:00:00            4,812 100%   15.31kB/s    0:00:00 (xfr#1046, to-chk=22/1070)
restore-1  | attachments/6943c93207b45471154647.webp
restore-1  |           5,838 100%   18.57kB/s    0:00:00            5,838 100%   18.57kB/s    0:00:00 (xfr#1047, to-chk=21/1070)
restore-1  | attachments/6943c93208ce8629079899.webp
restore-1  |           1,026 100%    3.26kB/s    0:00:00            1,026 100%    3.26kB/s    0:00:00 (xfr#1048, to-chk=20/1070)
restore-1  | attachments/6943c9320a06f691426118.webp
restore-1  |           3,506 100%   11.15kB/s    0:00:00            3,506 100%   11.15kB/s    0:00:00 (xfr#1049, to-chk=19/1070)
restore-1  | attachments/6943c9320b3df122689870.webp
restore-1  |           2,914 100%    9.27kB/s    0:00:00            2,914 100%    9.27kB/s    0:00:00 (xfr#1050, to-chk=18/1070)
restore-1  | attachments/6943c9320c740164163980.webp
restore-1  |           3,816 100%   12.14kB/s    0:00:00            3,816 100%   12.14kB/s    0:00:00 (xfr#1051, to-chk=17/1070)
restore-1  | attachments/6943c9320da33549166783.webp
restore-1  |           1,212 100%    3.86kB/s    0:00:00            1,212 100%    3.86kB/s    0:00:00 (xfr#1052, to-chk=16/1070)
restore-1  | attachments/6943c9320ee5d075797923.webp
restore-1  |           2,962 100%    9.42kB/s    0:00:00            2,962 100%    9.42kB/s    0:00:00 (xfr#1053, to-chk=15/1070)
restore-1  | attachments/6943c932102de167461004.webp
restore-1  |           3,698 100%   11.76kB/s    0:00:00            3,698 100%   11.76kB/s    0:00:00 (xfr#1054, to-chk=14/1070)
restore-1  | attachments/6943c93211732433899147.webp
restore-1  |           1,262 100%    4.01kB/s    0:00:00            1,262 100%    4.01kB/s    0:00:00 (xfr#1055, to-chk=13/1070)
restore-1  | attachments/6943c93212be0925399441.webp
restore-1  |          32,768  78%  103.90kB/s    0:00:00           41,882 100%  132.79kB/s    0:00:00 (xfr#1056, to-chk=12/1070)
restore-1  | attachments/6943c93213fb9442201680.webp
restore-1  |           1,600 100%    5.07kB/s    0:00:00            1,600 100%    5.07kB/s    0:00:00 (xfr#1057, to-chk=11/1070)
restore-1  | attachments/6943c932152c7068701922.webp
restore-1  |           6,038 100%   19.14kB/s    0:00:00            6,038 100%   19.14kB/s    0:00:00 (xfr#1058, to-chk=10/1070)
restore-1  | attachments/6943c93216561436769202.webp
restore-1  |           8,176 100%   25.92kB/s    0:00:00            8,176 100%   25.92kB/s    0:00:00 (xfr#1059, to-chk=9/1070)
restore-1  | attachments/6943c93217850552170820.webp
restore-1  |           1,260 100%    4.00kB/s    0:00:00            1,260 100%    4.00kB/s    0:00:00 (xfr#1060, to-chk=8/1070)
restore-1  | attachments/6943c93218b57034303934.webp
restore-1  |           4,974 100%   15.77kB/s    0:00:00            4,974 100%   15.77kB/s    0:00:00 (xfr#1061, to-chk=7/1070)
restore-1  | attachments/6943c93219e84411031716.webp
restore-1  |          25,256 100%   79.82kB/s    0:00:00           25,256 100%   79.82kB/s    0:00:00 (xfr#1062, to-chk=6/1070)
restore-1  | attachments/6943c9321b1b4738660250.webp
restore-1  |           1,808 100%    5.71kB/s    0:00:00            1,808 100%    5.71kB/s    0:00:00 (xfr#1063, to-chk=5/1070)
restore-1  | attachments/6943c9321c449340972522.webp
restore-1  |           9,158 100%   28.94kB/s    0:00:00            9,158 100%   28.94kB/s    0:00:00 (xfr#1064, to-chk=4/1070)
restore-1  | attachments/6943c9321d7cc423907229.webp
restore-1  |           5,346 100%   16.90kB/s    0:00:00            5,346 100%   16.90kB/s    0:00:00 (xfr#1065, to-chk=3/1070)
restore-1  | attachments/6943c9321ea84371948135.webp
restore-1  |           1,166 100%    3.69kB/s    0:00:00            1,166 100%    3.69kB/s    0:00:00 (xfr#1066, to-chk=2/1070)
restore-1  | attachments/6943c9321fd81395822028.webp
restore-1  |           2,610 100%    8.25kB/s    0:00:00            2,610 100%    8.25kB/s    0:00:00 (xfr#1067, to-chk=1/1070)
restore-1  | attachments/6943c93221058076962415.webp
restore-1  |           7,342 100%   23.20kB/s    0:00:00            7,342 100%   23.20kB/s    0:00:00 (xfr#1068, to-chk=0/1070)
restore-1  | 2026-09-06 12:56:05+00:00 [Note] [Entrypoint]: Update URL: http://oro.demo/
restore-1  | + php /var/www/oro/bin/console oro:config:update oro_ui.application_url http://oro.demo/
restore-1  | + php /var/www/oro/bin/console oro:config:update oro_website.url http://oro.demo/
restore-1  | + php /var/www/oro/bin/console oro:config:update oro_website.secure_url http://oro.demo/
restore-1  | + set +x
restore-1  | 2026-09-06 12:56:48+00:00 [Note] [Entrypoint]: Update email admin@example.com for user admin
restore-1  | + php /var/www/oro/bin/console oro:user:update admin --user-email=admin@example.com --user-name=admin
restore-1  | + set +x
restore-1  | 2026-09-06 12:56:52+00:00 [Note] [Entrypoint]: Warmup cache
restore-1  | + php /var/www/oro/bin/console cache:warmup
restore-1  | 
restore-1  |  // Warming up the cache for the prod environment with debug false              
restore-1  | 
restore-1  |  [OK] Cache for the "prod" environment (debug=false) was successfully warmed.   
restore-1  | 
restore-1  | + set +x
restore-1  | 2026-09-06 12:57:33+00:00 [Note] [Entrypoint]: Reindex search engine
restore-1  | + php /var/www/oro/bin/console oro:search:reindex
restore-1  | Started reindex task for all mapped entities
restore-1  | Reindex finished successfully.
restore-1  | + set +x
restore-1  | + php /var/www/oro/bin/console oro:website-search:reindex
restore-1  | 2026-09-06 12:57:43+00:00 [Note] [Entrypoint]: Reindex website search engine
restore-1  | Starting reindex task for all mapped entities...
restore-1  | Reindex finished successfully.
restore-1  | + set +x
restore-1  | + php /var/www/oro/bin/console oro:translation:dump
restore-1  | 2026-09-06 12:57:45+00:00 [Note] [Entrypoint]: Routing and translations dump
restore-1  |  [file+] translation/en.json
restore-1  |  [file+] translation/en_CA.json
restore-1  |  [file+] translation/en_GB.json
restore-1  |  [file+] translation/en_AU.json
restore-1  |  [file+] translation/fr_CA.json
restore-1  |  [file+] translation/en_US.json
restore-1  |  [file+] translation/de_DE.json
restore-1  |  [file+] translation/fr_FR.json
restore-1  |  [file+] translation/es_AR.json
restore-1  | + php /var/www/oro/bin/console fos:js-routing:dump
restore-1  | Dumping exposed routes.
restore-1  | 
restore-1  | [file+] gaufrette://public_js/js/admin_routes.json
restore-1  | Dumping exposed routes.
restore-1  | 
restore-1  | [file+] gaufrette://public_js/js/frontend_routes.json
restore-1  | + set +x
[Krestore-1 exited with code 0

# exit_code=0
